{
    "name": "root",
    "metadata": {
        "timer_format_version": "0.1.0",
        "start_time_seconds": "1757496016",
        "python_version": "3.10.12 | packaged by Anaconda, Inc. | (main, Jul  5 2023, 19:01:18) [MSC v.1916 64 bit (AMD64)]",
        "command_line_arguments": "C:\\Users\\65871\\Downloads\\FYP SHit\\anaconda\\envs\\mlagents\\Scripts\\mlagents-learn Config/BadmintionTrainer_Config.yaml --run-id=bdm2 --resume",
        "mlagents_version": "1.1.0",
        "mlagents_envs_version": "1.1.0",
        "communication_protocol_version": "1.5.0",
        "pytorch_version": "2.2.2+cu121",
        "numpy_version": "1.23.5",
        "end_time_seconds": "1757496123"
    },
    "total": 106.41567030001897,
    "count": 1,
    "self": 0.01518380013294518,
    "children": {
        "run_training.setup": {
            "total": 0.09344829991459846,
            "count": 1,
            "self": 0.09344829991459846
        },
        "TrainerController.start_learning": {
            "total": 106.30703819997143,
            "count": 1,
            "self": 0.05569430103059858,
            "children": {
                "TrainerController._reset_env": {
                    "total": 15.819803700083867,
                    "count": 1,
                    "self": 15.819803700083867
                },
                "TrainerController.advance": {
                    "total": 89.9602400988806,
                    "count": 639,
                    "self": 0.05498409736901522,
                    "children": {
                        "env_step": {
                            "total": 86.6807401025435,
                            "count": 639,
                            "self": 73.7697204008,
                            "children": {
                                "SubprocessEnvManager._take_step": {
                                    "total": 12.880560499848798,
                                    "count": 639,
                                    "self": 0.19437900022603571,
                                    "children": {
                                        "TorchPolicy.evaluate": {
                                            "total": 12.686181499622762,
                                            "count": 622,
                                            "self": 12.686181499622762
                                        }
                                    }
                                },
                                "workers": {
                                    "total": 0.030459201894700527,
                                    "count": 638,
                                    "self": 0.0,
                                    "children": {
                                        "worker_root": {
                                            "total": 52.50478389975615,
                                            "count": 638,
                                            "is_parallel": true,
                                            "self": 24.670194998849183,
                                            "children": {
                                                "steps_from_proto": {
                                                    "total": 0.00045950000640004873,
                                                    "count": 1,
                                                    "is_parallel": true,
                                                    "self": 0.00021869991905987263,
                                                    "children": {
                                                        "_process_rank_one_or_two_observation": {
                                                            "total": 0.0002408000873401761,
                                                            "count": 2,
                                                            "is_parallel": true,
                                                            "self": 0.0002408000873401761
                                                        }
                                                    }
                                                },
                                                "UnityEnvironment.step": {
                                                    "total": 27.834129400900565,
                                                    "count": 638,
                                                    "is_parallel": true,
                                                    "self": 0.0762845000717789,
                                                    "children": {
                                                        "UnityEnvironment._generate_step_input": {
                                                            "total": 0.16550779936369509,
                                                            "count": 638,
                                                            "is_parallel": true,
                                                            "self": 0.16550779936369509
                                                        },
                                                        "communicator.exchange": {
                                                            "total": 27.409992102184333,
                                                            "count": 638,
                                                            "is_parallel": true,
                                                            "self": 27.409992102184333
                                                        },
                                                        "steps_from_proto": {
                                                            "total": 0.1823449992807582,
                                                            "count": 638,
                                                            "is_parallel": true,
                                                            "self": 0.0907908008666709,
                                                            "children": {
                                                                "_process_rank_one_or_two_observation": {
                                                                    "total": 0.0915541984140873,
                                                                    "count": 1276,
                                                                    "is_parallel": true,
                                                                    "self": 0.0915541984140873
                                                                }
                                                            }
                                                        }
                                                    }
                                                }
                                            }
                                        }
                                    }
                                }
                            }
                        },
                        "trainer_advance": {
                            "total": 3.224515898968093,
                            "count": 638,
                            "self": 0.0658193991985172,
                            "children": {
                                "process_trajectory": {
                                    "total": 3.158696499769576,
                                    "count": 638,
                                    "self": 3.158696499769576
                                }
                            }
                        }
                    }
                },
                "trainer_threads": {
                    "total": 1.0199961252510548e-05,
                    "count": 1,
                    "self": 1.0199961252510548e-05
                },
                "TrainerController._save_models": {
                    "total": 0.4712899000151083,
                    "count": 1,
                    "self": 0.028113200096413493,