{
    "name": "root",
    "gauges": {
        "BadmintionAgent.Policy.Entropy.mean": {
            "value": 2.4926068782806396,
            "min": 2.4926068782806396,
            "max": 2.9456655979156494,
            "count": 7
        },
        "BadmintionAgent.Policy.Entropy.sum": {
            "value": 125178.71875,
            "min": 42046.4296875,
            "max": 145051.828125,
            "count": 7
        },
        "BadmintionAgent.Step.mean": {
            "value": 649996.0,
            "min": 349880.0,
            "max": 649996.0,
            "count": 7
        },
        "BadmintionAgent.Step.sum": {
            "value": 649996.0,
            "min": 349880.0,
            "max": 649996.0,
            "count": 7
        },
        "BadmintionAgent.Policy.ExtrinsicValueEstimate.mean": {
            "value": -3.7080373764038086,
            "min": -11.006850242614746,
            "max": -3.7080373764038086,
            "count": 7
        },
        "BadmintionAgent.Policy.ExtrinsicValueEstimate.sum": {
            "value": -1561.083740234375,
            "min": -4283.53076171875,
            "max": -1221.7603759765625,
            "count": 7
        },
        "BadmintionAgent.Environment.EpisodeLength.mean": {
            "value": 650.1851851851852,
            "min": 576.9444444444445,
            "max": 797.4262295081967,
            "count": 7
        },
        "BadmintionAgent.Environment.EpisodeLength.sum": {
            "value": 52665.0,
            "min": 10385.0,
            "max": 52665.0,
            "count": 7
        },
        "BadmintionAgent.Environment.CumulativeReward.mean": {
            "value": 9.124204209557286,
            "min": -29.796662681632572,
            "max": 9.124204209557286,
            "count": 7
        },
        "BadmintionAgent.Environment.CumulativeReward.sum": {
            "value": 739.0605409741402,
            "min": -2137.0196267068386,
            "max": 739.0605409741402,
            "count": 7
        },
        "BadmintionAgent.Policy.ExtrinsicReward.mean": {
            "value": 9.124204209557286,
            "min": -29.796662681632572,
            "max": 9.124204209557286,
            "count": 7
        },
        "BadmintionAgent.Policy.ExtrinsicReward.sum": {
            "value": 739.0605409741402,
            "min": -2137.0196267068386,
            "max": 739.0605409741402,
            "count": 7
        },
        "BadmintionAgent.IsTraining.mean": {
            "value": 1.0,
            "min": 1.0,
            "max": 1.0,
            "count": 7
        },
        "BadmintionAgent.IsTraining.sum": {
            "value": 1.0,
            "min": 1.0,
            "max": 1.0,
            "count": 7
        },
        "BadmintionAgent.Losses.PolicyLoss.mean": {
            "value": 0.015450312396407956,
            "min": 0.014174993752708864,
            "max": 0.018238515225756497,
            "count": 6
        },
        "BadmintionAgent.Losses.PolicyLoss.sum": {
            "value": 0.04635093718922387,
            "min": 0.03224186412213991,
            "max": 0.054715545677269495,
            "count": 6
        },
        "BadmintionAgent.Losses.ValueLoss.mean": {
            "value": 1.434944506486257,
            "min": 0.8050560007492702,
            "max": 1.434944506486257,
            "count": 6
        },
        "BadmintionAgent.Losses.ValueLoss.sum": {
            "value": 4.304833519458771,
            "min": 1.6101120014985404,
            "max": 4.304833519458771,
            "count": 6
        },
        "BadmintionAgent.Policy.LearningRate.mean": {
            "value": 0.000246875732916374,
            "min": 0.000246875732916374,
            "max": 0.00024811010075596006,
            "count": 6
        },
        "BadmintionAgent.Policy.LearningRate.sum": {
            "value": 0.000740627198749122,
            "min": 0.0004942661022935601,
            "max": 0.0007443303022678802,
            "count": 6
        },
        "BadmintionAgent.Policy.Epsilon.mean": {
            "value": 0.1987502926666667,
            "min": 0.1987502926666667,
            "max": 0.1992440400000001,
            "count": 6
        },
        "BadmintionAgent.Policy.Epsilon.sum": {
            "value": 0.5962508780000001,
            "min": 0.3977064400000001,
            "max": 0.5977321200000003,
            "count": 6
        },
        "BadmintionAgent.Policy.Beta.mean": {
            "value": 0.004937639604066666,
            "min": 0.004937639604066666,
            "max": 0.0049622775959999995,
            "count": 6
        },
        "BadmintionAgent.Policy.Beta.sum": {
            "value": 0.0148129188122,
            "min": 0.009885551356,
            "max": 0.014886832787999998,
            "count": 6
        }
    },
    "metadata": {
        "timer_format_version": "0.1.0",
        "start_time_seconds": "1759486231",
        "python_version": "3.10.12 | packaged by Anaconda, Inc. | (main, Jul  5 2023, 19:01:18) [MSC v.1916 64 bit (AMD64)]",
        "command_line_arguments": "C:\\Users\\65871\\Downloads\\FYP SHit\\anaconda\\envs\\mlagents\\Scripts\\mlagents-learn Config\\BadmintionTrainer_Config.yaml --run-id=bdm2 --resume",
        "mlagents_version": "1.1.0",
        "mlagents_envs_version": "1.1.0",
        "communication_protocol_version": "1.5.0",
        "pytorch_version": "2.2.2+cu121",
        "numpy_version": "1.23.5",
        "end_time_seconds": "1759487474"
    },
    "total": 1243.0559006999247,
    "count": 1,
    "self": 0.01694809994660318,
    "children": {
        "run_training.setup": {
            "total": 0.11164149991236627,
            "count": 1,
            "self": 0.11164149991236627
        },
        "TrainerController.start_learning": {
            "total": 1242.9273111000657,
            "count": 1,
            "self": 1.0601720118429512,
            "children": {
                "TrainerController._reset_env": {
                    "total": 10.6419087999966,
                    "count": 1,
                    "self": 10.6419087999966
                },
                "TrainerController.advance": {
                    "total": 1230.7534667882137,
                    "count": 17867,
                    "self": 1.158154092496261,
                    "children": {
                        "env_step": {
                            "total": 964.3467687049415,
                            "count": 17867,
                            "self": 701.7492871989962,
                            "children": {
                                "SubprocessEnvManager._take_step": {
                                    "total": 261.9351801001467,
                                    "count": 17867,
                                    "self": 3.601094986544922,
                                    "children": {
                                        "TorchPolicy.evaluate": {
                                            "total": 258.33408511360176,
                                            "count": 17579,
                                            "self": 258.33408511360176
                                        }
                                    }
                                },
                                "workers": {
                                    "total": 0.6623014057986438,
                                    "count": 17867,
                                    "self": 0.0,
                                    "children": {
                                        "worker_root": {
                                            "total": 1236.079877011478,
                                            "count": 17867,
                                            "is_parallel": true,
                                            "self": 614.6421787908766,