{
    "name": "root",
    "metadata": {
        "timer_format_version": "0.1.0",
        "start_time_seconds": "1757569304",
        "python_version": "3.10.12 | packaged by Anaconda, Inc. | (main, Jul  5 2023, 19:01:18) [MSC v.1916 64 bit (AMD64)]",
        "command_line_arguments": "C:\\Users\\65871\\Downloads\\FYP SHit\\anaconda\\envs\\mlagents\\Scripts\\mlagents-learn Config/BadmintionTrainer_Config.yaml --run-id=bdm2 --resume",
        "mlagents_version": "1.1.0",
        "mlagents_envs_version": "1.1.0",
        "communication_protocol_version": "1.5.0",
        "pytorch_version": "2.2.2+cu121",
        "numpy_version": "1.23.5",
        "end_time_seconds": "1757569626"
    },
    "total": 321.71953439999197,
    "count": 1,
    "self": 0.025195999987772666,
    "children": {
        "run_training.setup": {
            "total": 0.21690640000451822,
            "count": 1,
            "self": 0.21690640000451822
        },
        "TrainerController.start_learning": {
            "total": 321.4774319999997,
            "count": 1,
            "self": 0.2788912000833079,
            "children": {
                "TrainerController._reset_env": {
                    "total": 21.729669199994532,
                    "count": 1,
                    "self": 21.729669199994532
                },
                "TrainerController.advance": {
                    "total": 298.7667754999129,
                    "count": 3592,
                    "self": 0.2899490001727827,
                    "children": {
                        "env_step": {
                            "total": 236.82971289964917,
                            "count": 3592,
                            "self": 165.8981922995299,
                            "children": {
                                "SubprocessEnvManager._take_step": {
                                    "total": 70.7653614001465,
                                    "count": 3592,
                                    "self": 1.4150677006109618,
                                    "children": {
                                        "TorchPolicy.evaluate": {
                                            "total": 69.35029369953554,
                                            "count": 3549,
                                            "self": 69.35029369953554
                                        }
                                    }
                                },
                                "workers": {
                                    "total": 0.1661591999727534,
                                    "count": 3591,
                                    "self": 0.0,
                                    "children": {
                                        "worker_root": {
                                            "total": 245.41133539989823,
                                            "count": 3591,
                                            "is_parallel": true,
                                            "self": 160.8658625993703,
                                            "children": {
                                                "steps_from_proto": {
                                                    "total": 0.008087099995464087,
                                                    "count": 1,
                                                    "is_parallel": true,
                                                    "self": 0.004359099984867498,
                                                    "children": {
                                                        "_process_rank_one_or_two_observation": {
                                                            "total": 0.0037280000105965883,
                                                            "count": 2,
                                                            "is_parallel": true,
                                                            "self": 0.0037280000105965883
                                                        }
                                                    }
                                                },
                                                "UnityEnvironment.step": {
                                                    "total": 84.53738570053247,
                                                    "count": 3591,
                                                    "is_parallel": true,
                                                    "self": 0.4290632004995132,
                                                    "children": {
                                                        "UnityEnvironment._generate_step_input": {
                                                            "total": 0.9029631998419063,
                                                            "count": 3591,
                                                            "is_parallel": true,
                                                            "self": 0.9029631998419063
                                                        },
                                                        "communicator.exchange": {
                                                            "total": 82.17527710051218,
                                                            "count": 3591,
                                                            "is_parallel": true,
                                                            "self": 82.17527710051218
                                                        },
                                                        "steps_from_proto": {
                                                            "total": 1.0300821996788727,
                                                            "count": 3591,
                                                            "is_parallel": true,
                                                            "self": 0.5092816994147142,
                                                            "children": {
                                                                "_process_rank_one_or_two_observation": {
                                                                    "total": 0.5208005002641585,
                                                                    "count": 7182,
                                                                    "is_parallel": true,
                                                                    "self": 0.5208005002641585
                                                                }
                                                            }
                                                        }
                                                    }
                                                }
                                            }
                                        }
                                    }
                                }
                            }
                        },
                        "trainer_advance": {
                            "total": 61.64711360009096,
                            "count": 3591,
                            "self": 0.39354979936615564,
                            "children": {
                                "process_trajectory": {
                                    "total": 15.476979800718254,
                                    "count": 3591,
                                    "self": 15.476979800718254
                                },
                                "_update_policy": {
                                    "total": 45.77658400000655,
                                    "count": 4,
                                    "self": 31.718912599870237,
                                    "children": {
                                        "TorchPPOOptimizer.update": {
                                            "total": 14.057671400136314,
                                            "count": 120,