{
    "name": "root",
    "metadata": {
        "timer_format_version": "0.1.0",
        "start_time_seconds": "1759224368",
        "python_version": "3.10.12 | packaged by Anaconda, Inc. | (main, Jul  5 2023, 19:01:18) [MSC v.1916 64 bit (AMD64)]",
        "command_line_arguments": "C:\\Users\\65871\\Downloads\\FYP SHit\\anaconda\\envs\\mlagents\\Scripts\\mlagents-learn Config\\BadmintionTrainer_Config.yaml --run-id=bdm2 --force",
        "mlagents_version": "1.1.0",
        "mlagents_envs_version": "1.1.0",
        "communication_protocol_version": "1.5.0",
        "pytorch_version": "2.2.2+cu121",
        "numpy_version": "1.23.5",
        "end_time_seconds": "1759224542"
    },
    "total": 174.5827319000382,
    "count": 1,
    "self": 0.0438984998036176,
    "children": {
        "run_training.setup": {
            "total": 0.31106630014255643,
            "count": 1,
            "self": 0.31106630014255643
        },
        "TrainerController.start_learning": {
            "total": 174.22776710009202,
            "count": 1,
            "self": 0.01863130065612495,
            "children": {
                "TrainerController._reset_env": {
                    "total": 20.91439180006273,
                    "count": 1,
                    "self": 20.91439180006273
                },
                "TrainerController.advance": {
                    "total": 152.2808769994881,
                    "count": 244,
                    "self": 0.018831495428457856,
                    "children": {
                        "env_step": {
                            "total": 151.7134723016061,
                            "count": 244,
                            "self": 145.51131579978392,
                            "children": {
                                "SubprocessEnvManager._take_step": {
                                    "total": 6.191544101340696,
                                    "count": 244,
                                    "self": 0.0653730034828186,
                                    "children": {
                                        "TorchPolicy.evaluate": {
                                            "total": 6.126171097857878,
                                            "count": 241,
                                            "self": 6.126171097857878
                                        }
                                    }
                                },
                                "workers": {
                                    "total": 0.01061240048147738,
                                    "count": 243,
                                    "self": 0.0,
                                    "children": {
                                        "worker_root": {
                                            "total": 55.81561950268224,
                                            "count": 243,
                                            "is_parallel": true,
                                            "self": 14.190173702547327,
                                            "children": {
                                                "steps_from_proto": {
                                                    "total": 0.005299400072544813,
                                                    "count": 1,
                                                    "is_parallel": true,
                                                    "self": 0.001972799887880683,
                                                    "children": {
                                                        "_process_rank_one_or_two_observation": {
                                                            "total": 0.00332660018466413,
                                                            "count": 2,
                                                            "is_parallel": true,
                                                            "self": 0.00332660018466413
                                                        }
                                                    }
                                                },
                                                "UnityEnvironment.step": {
                                                    "total": 41.62014640006237,
                                                    "count": 243,
                                                    "is_parallel": true,
                                                    "self": 0.029680900275707245,
                                                    "children": {
                                                        "UnityEnvironment._generate_step_input": {
                                                            "total": 0.04949699901044369,
                                                            "count": 243,
                                                            "is_parallel": true,
                                                            "self": 0.04949699901044369
                                                        },
                                                        "communicator.exchange": {
                                                            "total": 41.466541601810604,
                                                            "count": 243,
                                                            "is_parallel": true,
                                                            "self": 41.466541601810604
                                                        },
                                                        "steps_from_proto": {
                                                            "total": 0.07442689896561205,
                                                            "count": 243,
                                                            "is_parallel": true,
                                                            "self": 0.03722229739651084,
                                                            "children": {
                                                                "_process_rank_one_or_two_observation": {
                                                                    "total": 0.037204601569101214,
                                                                    "count": 486,
                                                                    "is_parallel": true,
                                                                    "self": 0.037204601569101214
                                                                }
                                                            }
                                                        }
                                                    }
                                                }
                                            }
                                        }
                                    }
                                }
                            }
                        },
                        "trainer_advance": {
                            "total": 0.5485732024535537,
                            "count": 243,
                            "self": 0.016044902382418513,
                            "children": {
                                "process_trajectory": {
                                    "total": 0.5325283000711352,
                                    "count": 243,
                                    "self": 0.5325283000711352
                                }
                            }
                        }
                    }
                },
                "TrainerController._save_models": {
                    "total": 1.0138669998850673,
                    "count": 1,
                    "self": 0.060377299785614014,
                    "children": {
                        "RLTrainer._checkpoint": {
                            "total": 0.9534897000994533,
                            "count": 1,