{
    "name": "root",
    "gauges": {
        "BadmintionAgent.Policy.Entropy.mean": {
            "value": 3.344475269317627,
            "min": 3.344475269317627,
            "max": 3.344475269317627,
            "count": 1
        },
        "BadmintionAgent.Policy.Entropy.sum": {
            "value": 139986.359375,
            "min": 139986.359375,
            "max": 139986.359375,
            "count": 1
        },
        "BadmintionAgent.Environment.EpisodeLength.mean": {
            "value": 162.66403162055337,
            "min": 162.66403162055337,
            "max": 162.66403162055337,
            "count": 1
        },
        "BadmintionAgent.Environment.EpisodeLength.sum": {
            "value": 41154.0,
            "min": 41154.0,
            "max": 41154.0,
            "count": 1
        },
        "BadmintionAgent.Step.mean": {
            "value": 199984.0,
            "min": 199984.0,
            "max": 199984.0,
            "count": 1
        },
        "BadmintionAgent.Step.sum": {
            "value": 199984.0,
            "min": 199984.0,
            "max": 199984.0,
            "count": 1
        },
        "BadmintionAgent.Policy.ExtrinsicValueEstimate.mean": {
            "value": -8.355484008789062,
            "min": -8.355484008789062,
            "max": -8.355484008789062,
            "count": 1
        },
        "BadmintionAgent.Policy.ExtrinsicValueEstimate.sum": {
            "value": -3392.32666015625,
            "min": -3392.32666015625,
            "max": -3392.32666015625,
            "count": 1
        },
        "BadmintionAgent.Environment.CumulativeReward.mean": {
            "value": -21.71726179063793,
            "min": -21.71726179063793,
            "max": -21.71726179063793,
            "count": 1
        },
        "BadmintionAgent.Environment.CumulativeReward.sum": {
            "value": -5472.749971240759,
            "min": -5472.749971240759,
            "max": -5472.749971240759,
            "count": 1
        },
        "BadmintionAgent.Policy.ExtrinsicReward.mean": {
            "value": -21.71726179063793,
            "min": -21.71726179063793,
            "max": -21.71726179063793,
            "count": 1
        },
        "BadmintionAgent.Policy.ExtrinsicReward.sum": {
            "value": -5472.749971240759,
            "min": -5472.749971240759,
            "max": -5472.749971240759,
            "count": 1
        },
        "BadmintionAgent.Losses.PolicyLoss.mean": {
            "value": 0.017452577074679235,
            "min": 0.017452577074679235,
            "max": 0.017452577074679235,
            "count": 1
        },
        "BadmintionAgent.Losses.PolicyLoss.sum": {
            "value": 0.03490515414935847,
            "min": 0.03490515414935847,
            "max": 0.03490515414935847,
            "count": 1
        },
        "BadmintionAgent.Losses.ValueLoss.mean": {
            "value": 1.8671631932258603,
            "min": 1.8671631932258603,
            "max": 1.8671631932258603,
            "count": 1
        },
        "BadmintionAgent.Losses.ValueLoss.sum": {
            "value": 3.7343263864517207,
            "min": 3.7343263864517207,
            "max": 3.7343263864517207,
            "count": 1
        },
        "BadmintionAgent.Policy.LearningRate.mean": {
            "value": 0.00024905335037866,
            "min": 0.00024905335037866,
            "max": 0.00024905335037866,
            "count": 1
        },
        "BadmintionAgent.Policy.LearningRate.sum": {
            "value": 0.00049810670075732,
            "min": 0.00049810670075732,
            "max": 0.00049810670075732,
            "count": 1
        },
        "BadmintionAgent.Policy.Epsilon.mean": {
            "value": 0.19962133999999998,
            "min": 0.19962133999999998,
            "max": 0.19962133999999998,
            "count": 1
        },
        "BadmintionAgent.Policy.Epsilon.sum": {
            "value": 0.39924267999999996,
            "min": 0.39924267999999996,
            "max": 0.39924267999999996,
            "count": 1
        },
        "BadmintionAgent.Policy.Beta.mean": {
            "value": 0.004981104865999999,
            "min": 0.004981104865999999,
            "max": 0.004981104865999999,
            "count": 1
        },
        "BadmintionAgent.Policy.Beta.sum": {
            "value": 0.009962209731999998,
            "min": 0.009962209731999998,
            "max": 0.009962209731999998,
            "count": 1
        },
        "BadmintionAgent.IsTraining.mean": {
            "value": 1.0,
            "min": 1.0,
            "max": 1.0,
            "count": 1
        },
        "BadmintionAgent.IsTraining.sum": {
            "value": 1.0,
            "min": 1.0,
            "max": 1.0,
            "count": 1
        }
    },
    "metadata": {
        "timer_format_version": "0.1.0",
        "start_time_seconds": "1758855326",
        "python_version": "3.10.12 | packaged by Anaconda, Inc. | (main, Jul  5 2023, 19:01:18) [MSC v.1916 64 bit (AMD64)]",
        "command_line_arguments": "C:\\Users\\65871\\Downloads\\FYP SHit\\anaconda\\envs\\mlagents\\Scripts\\mlagents-learn Config\\BadmintionTrainer_Config.yaml --run-id=bdm2 --resume",
        "mlagents_version": "1.1.0",
        "mlagents_envs_version": "1.1.0",
        "communication_protocol_version": "1.5.0",
        "pytorch_version": "2.2.2+cu121",
        "numpy_version": "1.23.5",
        "end_time_seconds": "1758856008"
    },
    "total": 681.768027599901,
    "count": 1,
    "self": 0.02727829967625439,
    "children": {
        "run_training.setup": {
            "total": 0.22075500013306737,
            "count": 1,
            "self": 0.22075500013306737
        },
        "TrainerController.start_learning": {
            "total": 681.5199943000916,
            "count": 1,
            "self": 0.7296220969874412,
            "children": {
                "TrainerController._reset_env": {
                    "total": 9.932664100080729,
                    "count": 1,
                    "self": 9.932664100080729
                },
                "TrainerController.advance": {
                    "total": 670.20650290302,
                    "count": 10708,
                    "self": 0.7755815123673528,
                    "children": {
                        "env_step": {
                            "total": 590.110872900812,
                            "count": 10708,
                            "self": 390.72730960464105,
                            "children": {
                                "SubprocessEnvManager._take_step": {
                                    "total": 198.91220540227368,
                                    "count": 10708,
                                    "self": 2.4847381927538663,
                                    "children": {
                                        "TorchPolicy.evaluate": {
                                            "total": 196.42746720951982,
                                            "count": 10293,
                                            "self": 196.42746720951982
                                        }
                                    }
                                },
                                "workers": {
                                    "total": 0.4713578938972205,
                                    "count": 10707,
                                    "self": 0.0,
                                    "children": {
                                        "worker_root": {
                                            "total": 610.4668466970325,
                                            "count": 10707,
                                            "is_parallel": true,
                                            "self": 326.33492678799666,