{
    "name": "root",
    "metadata": {
        "timer_format_version": "0.1.0",
        "start_time_seconds": "1759217540",
        "python_version": "3.10.12 | packaged by Anaconda, Inc. | (main, Jul  5 2023, 19:01:18) [MSC v.1916 64 bit (AMD64)]",
        "command_line_arguments": "C:\\Users\\65871\\Downloads\\FYP SHit\\anaconda\\envs\\mlagents\\Scripts\\mlagents-learn Config\\BadmintionTrainer_Config.yaml --run-id=bdm2 --force",
        "mlagents_version": "1.1.0",
        "mlagents_envs_version": "1.1.0",
        "communication_protocol_version": "1.5.0",
        "pytorch_version": "2.2.2+cu121",
        "numpy_version": "1.23.5",
        "end_time_seconds": "1759217747"
    },
    "total": 207.02879070001654,
    "count": 1,
    "self": 0.01952529978007078,
    "children": {
        "run_training.setup": {
            "total": 0.09363130014389753,
            "count": 1,
            "self": 0.09363130014389753
        },
        "TrainerController.start_learning": {
            "total": 206.91563410009257,
            "count": 1,
            "self": 0.1357655948959291,
            "children": {
                "TrainerController._reset_env": {
                    "total": 20.223463299917057,
                    "count": 1,
                    "self": 20.223463299917057
                },
                "TrainerController.advance": {
                    "total": 185.91635260544717,
                    "count": 1784,
                    "self": 0.1425730085466057,
                    "children": {
                        "env_step": {
                            "total": 154.56474029901437,
                            "count": 1784,
                            "self": 115.7473339990247,
                            "children": {
                                "SubprocessEnvManager._take_step": {
                                    "total": 38.73103870265186,
                                    "count": 1784,
                                    "self": 0.8034777988214046,
                                    "children": {
                                        "TorchPolicy.evaluate": {
                                            "total": 37.927560903830454,
                                            "count": 1769,
                                            "self": 37.927560903830454
                                        }
                                    }
                                },
                                "workers": {
                                    "total": 0.08636759733781219,
                                    "count": 1783,
                                    "self": 0.0,
                                    "children": {
                                        "worker_root": {
                                            "total": 104.39153640181758,
                                            "count": 1783,
                                            "is_parallel": true,
                                            "self": 60.04181919735856,
                                            "children": {
                                                "steps_from_proto": {
                                                    "total": 0.0006345999427139759,
                                                    "count": 1,
                                                    "is_parallel": true,
                                                    "self": 0.0003099997993558645,
                                                    "children": {
                                                        "_process_rank_one_or_two_observation": {
                                                            "total": 0.0003246001433581114,
                                                            "count": 2,
                                                            "is_parallel": true,
                                                            "self": 0.0003246001433581114
                                                        }
                                                    }
                                                },
                                                "UnityEnvironment.step": {
                                                    "total": 44.3490826045163,
                                                    "count": 1783,
                                                    "is_parallel": true,
                                                    "self": 0.22680140053853393,
                                                    "children": {
                                                        "UnityEnvironment._generate_step_input": {
                                                            "total": 0.46788390493020415,
                                                            "count": 1783,
                                                            "is_parallel": true,
                                                            "self": 0.46788390493020415
                                                        },
                                                        "communicator.exchange": {
                                                            "total": 43.11007039761171,
                                                            "count": 1783,
                                                            "is_parallel": true,
                                                            "self": 43.11007039761171
                                                        },
                                                        "steps_from_proto": {
                                                            "total": 0.544326901435852,
                                                            "count": 1783,
                                                            "is_parallel": true,
                                                            "self": 0.25979841174557805,
                                                            "children": {
                                                                "_process_rank_one_or_two_observation": {
                                                                    "total": 0.284528489690274,
                                                                    "count": 3566,
                                                                    "is_parallel": true,
                                                                    "self": 0.284528489690274
                                                                }
                                                            }
                                                        }
                                                    }
                                                }
                                            }
                                        }
                                    }
                                }
                            }
                        },
                        "trainer_advance": {
                            "total": 31.209039297886193,
                            "count": 1783,
                            "self": 0.17134120012633502,
                            "children": {
                                "process_trajectory": {
                                    "total": 7.302250397624448,
                                    "count": 1783,
                                    "self": 7.302250397624448
                                },
                                "_update_policy": {
                                    "total": 23.73544770013541,
                                    "count": 1,
                                    "self": 18.33411969966255,
                                    "children": {
                                        "TorchPPOOptimizer.update": {
                                            "total": 5.4013280004728585,
                                            "count": 30,