{
    "name": "root",
    "gauges": {
        "BadmintionAgent.Policy.Entropy.mean": {
            "value": 1.7721836566925049,
            "min": 1.7721836566925049,
            "max": 3.5747804641723633,
            "count": 16
        },
        "BadmintionAgent.Policy.Entropy.sum": {
            "value": 87985.375,
            "min": 87985.375,
            "max": 181255.671875,
            "count": 16
        },
        "BadmintionAgent.Environment.EpisodeLength.mean": {
            "value": 139.5943661971831,
            "min": 120.57568238213399,
            "max": 350.0,
            "count": 16
        },
        "BadmintionAgent.Environment.EpisodeLength.sum": {
            "value": 49556.0,
            "min": 47709.0,
            "max": 51705.0,
            "count": 16
        },
        "BadmintionAgent.Step.mean": {
            "value": 799903.0,
            "min": 49997.0,
            "max": 799903.0,
            "count": 16
        },
        "BadmintionAgent.Step.sum": {
            "value": 799903.0,
            "min": 49997.0,
            "max": 799903.0,
            "count": 16
        },
        "BadmintionAgent.Policy.ExtrinsicValueEstimate.mean": {
            "value": 9.920239448547363,
            "min": -9.033316612243652,
            "max": 10.186628341674805,
            "count": 16
        },
        "BadmintionAgent.Policy.ExtrinsicValueEstimate.sum": {
            "value": 6368.79345703125,
            "min": -4525.69140625,
            "max": 6538.6376953125,
            "count": 16
        },
        "BadmintionAgent.Environment.CumulativeReward.mean": {
            "value": 32.730841646060135,
            "min": -30.32440781342356,
            "max": 32.730841646060135,
            "count": 16
        },
        "BadmintionAgent.Environment.CumulativeReward.sum": {
            "value": 11619.448784351349,
            "min": -11523.274969100952,
            "max": 11619.448784351349,
            "count": 16
        },
        "BadmintionAgent.Policy.ExtrinsicReward.mean": {
            "value": 32.730841646060135,
            "min": -30.32440781342356,
            "max": 32.730841646060135,
            "count": 16
        },
        "BadmintionAgent.Policy.ExtrinsicReward.sum": {
            "value": 11619.448784351349,
            "min": -11523.274969100952,
            "max": 11619.448784351349,
            "count": 16
        },
        "BadmintionAgent.Losses.PolicyLoss.mean": {
            "value": 0.016733565697601684,
            "min": 0.014639959247627607,
            "max": 0.02022279727195079,
            "count": 16
        },
        "BadmintionAgent.Losses.PolicyLoss.sum": {
            "value": 0.03346713139520337,
            "min": 0.029279918495255214,
            "max": 0.0575996063882485,
            "count": 16
        },
        "BadmintionAgent.Losses.ValueLoss.mean": {
            "value": 0.3969400982062022,
            "min": 0.3969400982062022,
            "max": 7.177361603577932,
            "count": 16
        },
        "BadmintionAgent.Losses.ValueLoss.sum": {
            "value": 0.7938801964124044,
            "min": 0.7938801964124044,
            "max": 14.354723207155864,
            "count": 16
        },
        "BadmintionAgent.Policy.LearningRate.mean": {
            "value": 0.0002461489965404019,
            "min": 0.0002461489965404019,
            "max": 0.00024984577006169193,
            "count": 16
        },
        "BadmintionAgent.Policy.LearningRate.sum": {
            "value": 0.0004922979930808038,
            "min": 0.0004922979930808038,
            "max": 0.000748151020739592,
            "count": 16
        },
        "BadmintionAgent.Policy.Epsilon.mean": {
            "value": 0.19845959799999996,
            "min": 0.19845959799999996,
            "max": 0.19993830799999995,
            "count": 16
        },
        "BadmintionAgent.Policy.Epsilon.sum": {
            "value": 0.3969191959999999,
            "min": 0.3969191959999999,
            "max": 0.5992604079999999,
            "count": 16
        },
        "BadmintionAgent.Policy.Beta.mean": {
            "value": 0.0049231339402,
            "min": 0.0049231339402,
            "max": 0.004996921569200001,
            "count": 16
        },
        "BadmintionAgent.Policy.Beta.sum": {
            "value": 0.0098462678804,
            "min": 0.0098462678804,
            "max": 0.0149630943592,
            "count": 16
        },
        "BadmintionAgent.IsTraining.mean": {
            "value": 1.0,
            "min": 1.0,
            "max": 1.0,
            "count": 16
        },
        "BadmintionAgent.IsTraining.sum": {
            "value": 1.0,
            "min": 1.0,
            "max": 1.0,
            "count": 16
        }
    },
    "metadata": {
        "timer_format_version": "0.1.0",
        "start_time_seconds": "1758861711",
        "python_version": "3.10.12 | packaged by Anaconda, Inc. | (main, Jul  5 2023, 19:01:18) [MSC v.1916 64 bit (AMD64)]",
        "command_line_arguments": "C:\\Users\\65871\\Downloads\\FYP SHit\\anaconda\\envs\\mlagents\\Scripts\\mlagents-learn Config\\BadmintionTrainer_Config.yaml --run-id=bdm2 --force",
        "mlagents_version": "1.1.0",
        "mlagents_envs_version": "1.1.0",
        "communication_protocol_version": "1.5.0",
        "pytorch_version": "2.2.2+cu121",
        "numpy_version": "1.23.5",
        "end_time_seconds": "1758865899"
    },
    "total": 4187.355360200163,
    "count": 1,
    "self": 0.02197760040871799,
    "children": {
        "run_training.setup": {
            "total": 0.12257119989953935,
            "count": 1,
            "self": 0.12257119989953935
        },
        "TrainerController.start_learning": {
            "total": 4187.210811399855,
            "count": 1,
            "self": 4.275770302629098,
            "children": {
                "TrainerController._reset_env": {
                    "total": 11.71395260002464,
                    "count": 1,
                    "self": 11.71395260002464
                },
                "TrainerController.advance": {
                    "total": 4170.778786097188,
                    "count": 55135,
                    "self": 4.2660883909557015,
                    "children": {
                        "env_step": {
                            "total": 3035.886222878704,
                            "count": 55135,
                            "self": 1952.3068369780667,
                            "children": {
                                "SubprocessEnvManager._take_step": {
                                    "total": 1081.0830427112523,
                                    "count": 55135,
                                    "self": 14.696980910142884,
                                    "children": {
                                        "TorchPolicy.evaluate": {
                                            "total": 1066.3860618011095,
                                            "count": 51334,
                                            "self": 1066.3860618011095
                                        }
                                    }
                                },
                                "workers": {
                                    "total": 2.4963431893847883,
                                    "count": 55134,
                                    "self": 0.0,
                                    "children": {
                                        "worker_root": {
                                            "total": 4112.836853021756,
                                            "count": 55134,
                                            "is_parallel": true,
                                            "self": 2503.7275133121293,
                                            "children": {
                                                "steps_from_proto": {
                                                    "total": 0.0007134000770747662,