{
    "name": "root",
    "metadata": {
        "timer_format_version": "0.1.0",
        "start_time_seconds": "1759138931",
        "python_version": "3.10.12 | packaged by Anaconda, Inc. | (main, Jul  5 2023, 19:01:18) [MSC v.1916 64 bit (AMD64)]",
        "command_line_arguments": "C:\\Users\\65871\\Downloads\\FYP SHit\\anaconda\\envs\\mlagents\\Scripts\\mlagents-learn Config\\BadmintionTrainer_Config.yaml --run-id=bdm2 --resume",
        "mlagents_version": "1.1.0",
        "mlagents_envs_version": "1.1.0",
        "communication_protocol_version": "1.5.0",
        "pytorch_version": "2.2.2+cu121",
        "numpy_version": "1.23.5",
        "end_time_seconds": "1759138990"
    },
    "total": 59.31413579988293,
    "count": 1,
    "self": 0.018705799942836165,
    "children": {
        "run_training.setup": {
            "total": 0.11832370003685355,
            "count": 1,
            "self": 0.11832370003685355
        },
        "TrainerController.start_learning": {
            "total": 59.177106299903244,
            "count": 1,
            "self": 0.03138739801943302,
            "children": {
                "TrainerController._reset_env": {
                    "total": 12.520128299947828,
                    "count": 1,
                    "self": 12.520128299947828
                },
                "TrainerController.advance": {
                    "total": 45.80461950181052,
                    "count": 434,
                    "self": 0.02956690709106624,
                    "children": {
                        "env_step": {
                            "total": 45.60567139601335,
                            "count": 434,
                            "self": 35.51250319741666,
                            "children": {
                                "SubprocessEnvManager._take_step": {
                                    "total": 10.075316398171708,
                                    "count": 434,
                                    "self": 0.10826679738238454,
                                    "children": {
                                        "TorchPolicy.evaluate": {
                                            "total": 9.967049600789323,
                                            "count": 434,
                                            "self": 9.967049600789323
                                        }
                                    }
                                },
                                "workers": {
                                    "total": 0.017851800424978137,
                                    "count": 433,
                                    "self": 0.0,
                                    "children": {
                                        "worker_root": {
                                            "total": 33.332488800631836,
                                            "count": 433,
                                            "is_parallel": true,
                                            "self": 16.332343001384288,
                                            "children": {
                                                "steps_from_proto": {
                                                    "total": 0.0003128000535070896,
                                                    "count": 1,
                                                    "is_parallel": true,
                                                    "self": 0.0001656000968068838,
                                                    "children": {
                                                        "_process_rank_one_or_two_observation": {
                                                            "total": 0.0001471999567002058,
                                                            "count": 2,
                                                            "is_parallel": true,
                                                            "self": 0.0001471999567002058
                                                        }
                                                    }
                                                },
                                                "UnityEnvironment.step": {
                                                    "total": 16.99983299919404,
                                                    "count": 433,
                                                    "is_parallel": true,
                                                    "self": 0.03750339732505381,
                                                    "children": {
                                                        "UnityEnvironment._generate_step_input": {
                                                            "total": 0.045553200878202915,
                                                            "count": 433,
                                                            "is_parallel": true,
                                                            "self": 0.045553200878202915
                                                        },
                                                        "communicator.exchange": {
                                                            "total": 16.822117899777368,
                                                            "count": 433,
                                                            "is_parallel": true,
                                                            "self": 16.822117899777368
                                                        },
                                                        "steps_from_proto": {
                                                            "total": 0.09465850121341646,
                                                            "count": 433,
                                                            "is_parallel": true,
                                                            "self": 0.052314603235572577,
                                                            "children": {
                                                                "_process_rank_one_or_two_observation": {
                                                                    "total": 0.04234389797784388,
                                                                    "count": 866,
                                                                    "is_parallel": true,
                                                                    "self": 0.04234389797784388
                                                                }
                                                            }
                                                        }
                                                    }
                                                }
                                            }
                                        }
                                    }
                                }
                            }
                        },
                        "trainer_advance": {
                            "total": 0.16938119870610535,
                            "count": 433,
                            "self": 0.027966100024059415,
                            "children": {
                                "process_trajectory": {
                                    "total": 0.14141509868204594,
                                    "count": 433,
                                    "self": 0.14141509868204594
                                }
                            }
                        }
                    }
                },
                "trainer_threads": {
                    "total": 7.899943739175797e-06,
                    "count": 1,
                    "self": 7.899943739175797e-06
                },
                "TrainerController._save_models": {
                    "total": 0.8209632001817226,
                    "count": 1,
                    "self": 0.032804300310090184,