{
    "name": "root",
    "metadata": {
        "timer_format_version": "0.1.0",
        "start_time_seconds": "1758790616",
        "python_version": "3.10.12 | packaged by Anaconda, Inc. | (main, Jul  5 2023, 19:01:18) [MSC v.1916 64 bit (AMD64)]",
        "command_line_arguments": "C:\\Users\\65871\\Downloads\\FYP SHit\\anaconda\\envs\\mlagents\\Scripts\\mlagents-learn Config\\BadmintionTrainer_Config.yaml --run-id=bdm2 --force",
        "mlagents_version": "1.1.0",
        "mlagents_envs_version": "1.1.0",
        "communication_protocol_version": "1.5.0",
        "pytorch_version": "2.2.2+cu121",
        "numpy_version": "1.23.5",
        "end_time_seconds": "1758790770"
    },
    "total": 153.67448489996605,
    "count": 1,
    "self": 0.02191099990159273,
    "children": {
        "run_training.setup": {
            "total": 0.08711670013144612,
            "count": 1,
            "self": 0.08711670013144612
        },
        "TrainerController.start_learning": {
            "total": 153.565457199933,
            "count": 1,
            "self": 0.13273499812930822,
            "children": {
                "TrainerController._reset_env": {
                    "total": 11.02855550008826,
                    "count": 1,
                    "self": 11.02855550008826
                },
                "TrainerController.advance": {
                    "total": 141.89521780167706,
                    "count": 1763,
                    "self": 0.1305389073677361,
                    "children": {
                        "env_step": {
                            "total": 138.96026269183494,
                            "count": 1763,
                            "self": 103.51805567834526,
                            "children": {
                                "SubprocessEnvManager._take_step": {
                                    "total": 35.36102740629576,
                                    "count": 1763,
                                    "self": 0.44573350832797587,
                                    "children": {
                                        "TorchPolicy.evaluate": {
                                            "total": 34.915293897967786,
                                            "count": 1703,
                                            "self": 34.915293897967786
                                        }
                                    }
                                },
                                "workers": {
                                    "total": 0.08117960719391704,
                                    "count": 1762,
                                    "self": 0.0,
                                    "children": {
                                        "worker_root": {
                                            "total": 120.77150020003319,
                                            "count": 1762,
                                            "is_parallel": true,
                                            "self": 49.5267954042647,
                                            "children": {
                                                "steps_from_proto": {
                                                    "total": 0.0013117000926285982,
                                                    "count": 1,
                                                    "is_parallel": true,
                                                    "self": 0.0008410001173615456,
                                                    "children": {
                                                        "_process_rank_one_or_two_observation": {
                                                            "total": 0.00047069997526705265,
                                                            "count": 2,
                                                            "is_parallel": true,
                                                            "self": 0.00047069997526705265
                                                        }
                                                    }
                                                },
                                                "UnityEnvironment.step": {
                                                    "total": 71.24339309567586,
                                                    "count": 1762,
                                                    "is_parallel": true,
                                                    "self": 0.18201349023729563,
                                                    "children": {
                                                        "UnityEnvironment._generate_step_input": {
                                                            "total": 0.2520373009610921,
                                                            "count": 1762,
                                                            "is_parallel": true,
                                                            "self": 0.2520373009610921
                                                        },
                                                        "communicator.exchange": {
                                                            "total": 70.35471660410985,
                                                            "count": 1762,
                                                            "is_parallel": true,
                                                            "self": 70.35471660410985
                                                        },
                                                        "steps_from_proto": {
                                                            "total": 0.4546257003676146,
                                                            "count": 1762,
                                                            "is_parallel": true,
                                                            "self": 0.24022240447811782,
                                                            "children": {
                                                                "_process_rank_one_or_two_observation": {
                                                                    "total": 0.2144032958894968,
                                                                    "count": 3524,
                                                                    "is_parallel": true,
                                                                    "self": 0.2144032958894968
                                                                }
                                                            }
                                                        }
                                                    }
                                                }
                                            }
                                        }
                                    }
                                }
                            }
                        },
                        "trainer_advance": {
                            "total": 2.8044162024743855,
                            "count": 1762,
                            "self": 0.15321459877304733,
                            "children": {
                                "process_trajectory": {
                                    "total": 2.651201603701338,
                                    "count": 1762,
                                    "self": 2.651201603701338
                                }
                            }
                        }
                    }
                },
                "trainer_threads": {
                    "total": 2.800021320581436e-06,
                    "count": 1,
                    "self": 2.800021320581436e-06
                },
                "TrainerController._save_models": {
                    "total": 0.5089461000170559,
                    "count": 1,
                    "self": 0.026690399972721934,