{
    "name": "root",
    "gauges": {
        "Pong.Policy.Entropy.mean": {
            "value": 0.391380250453949,
            "min": 0.36707696318626404,
            "max": 0.3990306556224823,
            "count": 28
        },
        "Pong.Policy.Entropy.sum": {
            "value": 19782.314453125,
            "min": 15094.6669921875,
            "max": 20252.40234375,
            "count": 28
        },
        "Pong.Step.mean": {
            "value": 3999958.0,
            "min": 2649964.0,
            "max": 3999958.0,
            "count": 28
        },
        "Pong.Step.sum": {
            "value": 3999958.0,
            "min": 2649964.0,
            "max": 3999958.0,
            "count": 28
        },
        "Pong.Policy.ExtrinsicValueEstimate.mean": {
            "value": 9.121549606323242,
            "min": 7.749733924865723,
            "max": 9.321846961975098,
            "count": 28
        },
        "Pong.Policy.ExtrinsicValueEstimate.sum": {
            "value": 7215.1455078125,
            "min": 5079.376953125,
            "max": 7345.61572265625,
            "count": 28
        },
        "Pong.Losses.PolicyLoss.mean": {
            "value": 0.02430779035979261,
            "min": 0.019724158595393722,
            "max": 0.025983858498511835,
            "count": 28
        },
        "Pong.Losses.PolicyLoss.sum": {
            "value": 0.12153895179896305,
            "min": 0.060358647753794986,
            "max": 0.12945404221924642,
            "count": 28
        },
        "Pong.Losses.ValueLoss.mean": {
            "value": 2.7664056142171227,
            "min": 2.4649774281183876,
            "max": 3.0946093066533407,
            "count": 28
        },
        "Pong.Losses.ValueLoss.sum": {
            "value": 13.832028071085613,
            "min": 7.4698494593302405,
            "max": 15.473046533266704,
            "count": 28
        },
        "Pong.Policy.LearningRate.mean": {
            "value": 1.7512444162850071e-06,
            "min": 1.7512444162850071e-06,
            "max": 0.00010256901581034999,
            "count": 28
        },
        "Pong.Policy.LearningRate.sum": {
            "value": 8.756222081425036e-06,
            "min": 8.756222081425036e-06,
            "max": 0.0004969900843367499,
            "count": 28
        },
        "Pong.Policy.Epsilon.mean": {
            "value": 0.10058371500000003,
            "min": 0.10058371500000003,
            "max": 0.13418965000000002,
            "count": 28
        },
        "Pong.Policy.Epsilon.sum": {
            "value": 0.5029185750000001,
            "min": 0.40256895000000004,
            "max": 0.6656632499999999,
            "count": 28
        },
        "Pong.Policy.Beta.mean": {
            "value": 3.912737850000012e-05,
            "min": 3.912737850000012e-05,
            "max": 0.0017160635350000001,
            "count": 28
        },
        "Pong.Policy.Beta.sum": {
            "value": 0.00019563689250000062,
            "min": 0.00019563689250000062,
            "max": 0.008316596175000001,
            "count": 28
        },
        "Pong.Environment.EpisodeLength.mean": {
            "value": 546.4444444444445,
            "min": 356.55555555555554,
            "max": 758.9,
            "count": 28
        },
        "Pong.Environment.EpisodeLength.sum": {
            "value": 9836.0,
            "min": 6418.0,
            "max": 12246.0,
            "count": 28
        },
        "Pong.Self-play.ELO.mean": {
            "value": -64.6216941788876,
            "min": -66.98099033457247,
            "max": -21.38371898577575,
            "count": 28
        },
        "Pong.Self-play.ELO.sum": {
            "value": -1163.1904952199766,
            "min": -1378.0695145157629,
            "max": -213.83718985775752,
            "count": 28
        },
        "Pong.Environment.CumulativeReward.mean": {
            "value": 51.83374014310539,
            "min": 26.992658122664405,
            "max": 70.26625068038702,
            "count": 28
        },
        "Pong.Environment.CumulativeReward.sum": {
            "value": 933.007322575897,
            "min": 521.4084934443235,
            "max": 1132.3418373279274,
            "count": 28
        },
        "Pong.Policy.ExtrinsicReward.mean": {
            "value": 51.83374014310539,
            "min": 26.992658122664405,
            "max": 70.26625068038702,
            "count": 28
        },
        "Pong.Policy.ExtrinsicReward.sum": {
            "value": 933.007322575897,
            "min": 521.4084934443235,
            "max": 1132.3418373279274,
            "count": 28
        },
        "Pong.IsTraining.mean": {
            "value": 1.0,
            "min": 1.0,
            "max": 1.0,
            "count": 28
        },
        "Pong.IsTraining.sum": {
            "value": 1.0,
            "min": 1.0,
            "max": 1.0,
            "count": 28
        }
    },
    "metadata": {
        "timer_format_version": "0.1.0",
        "start_time_seconds": "1759972514",
        "python_version": "3.10.12 | packaged by Anaconda, Inc. | (main, Jul  5 2023, 19:01:18) [MSC v.1916 64 bit (AMD64)]",
        "command_line_arguments": "C:\\Users\\Esmond\\miniconda3\\envs\\mlagents\\Scripts\\mlagents-learn Config/pong_config.yaml --run-id=PongAI --resume",
        "mlagents_version": "1.1.0",
        "mlagents_envs_version": "1.1.0",
        "communication_protocol_version": "1.5.0",
        "pytorch_version": "2.2.2+cu121",
        "numpy_version": "1.23.5",
        "end_time_seconds": "1759976267"
    },
    "total": 3753.2036344999797,
    "count": 1,
    "self": 0.03698479998274706,
    "children": {
        "run_training.setup": {
            "total": 0.2147365999990143,
            "count": 1,
            "self": 0.2147365999990143
        },
        "TrainerController.start_learning": {
            "total": 3752.951913099998,
            "count": 1,
            "self": 7.130241594015388,
            "children": {
                "TrainerController._reset_env": {
                    "total": 18.177610800077673,
                    "count": 139,
                    "self": 18.177610800077673
                },
                "TrainerController.advance": {
                    "total": 3727.472663205903,
                    "count": 140660,
                    "self": 7.398560117668239,
                    "children": {
                        "env_step": {
                            "total": 2756.8980551935674,
                            "count": 140660,
                            "self": 1636.4681192951393,
                            "children": {
                                "SubprocessEnvManager._take_step": {
                                    "total": 1115.8844264008803,
                                    "count": 140660,
                                    "self": 22.198220396850957,
                                    "children": {
                                        "TorchPolicy.evaluate": {
                                            "total": 1093.6862060040294,
                                            "count": 140659,
                                            "self": 1093.6862060040294
                                        }
                                    }
                                },
                                "workers": {
                                    "total": 4.545509497547755,
                                    "count": 140660,
                                    "self": 0.0,
                                    "children": {
                                        "worker_root": {
                                            "total": 3735.3032934978837,
                                            "count": 140660,
                                            "is_parallel": true,
                                            "self": 2514.127483201184,