{
    "name": "root",
    "gauges": {
        "Runner.Policy.Entropy.mean": {
            "value": 1.1940382719039917,
            "min": 1.1761876344680786,
            "max": 1.4243495464324951,
            "count": 486
        },
        "Runner.Policy.Entropy.sum": {
            "value": 865.677734375,
            "min": 353.9908447265625,
            "max": 2270.301513671875,
            "count": 486
        },
        "Runner.Step.mean": {
            "value": 486994.0,
            "min": 960.0,
            "max": 486994.0,
            "count": 487
        },
        "Runner.Step.sum": {
            "value": 486994.0,
            "min": 960.0,
            "max": 486994.0,
            "count": 487
        },
        "Runner.Policy.ExtrinsicValueEstimate.mean": {
            "value": -7.399129867553711,
            "min": -10.040006637573242,
            "max": 2.7963972091674805,
            "count": 487
        },
        "Runner.Policy.ExtrinsicValueEstimate.sum": {
            "value": -140.58346557617188,
            "min": -1172.133056640625,
            "max": 41.94595718383789,
            "count": 487
        },
        "Runner.IsTraining.mean": {
            "value": 1.0,
            "min": 1.0,
            "max": 1.0,
            "count": 487
        },
        "Runner.IsTraining.sum": {
            "value": 1.0,
            "min": 1.0,
            "max": 1.0,
            "count": 487
        },
        "Runner.Losses.PolicyLoss.mean": {
            "value": 0.09029191009190696,
            "min": 0.05741703610207575,
            "max": 0.1665917350063947,
            "count": 229
        },
        "Runner.Losses.PolicyLoss.sum": {
            "value": 0.09029191009190696,
            "min": 0.05741703610207575,
            "max": 0.1665917350063947,
            "count": 229
        },
        "Runner.Losses.ValueLoss.mean": {
            "value": 0.09097251994863459,
            "min": 2.061811666827256e-05,
            "max": 1.6920522445380086,
            "count": 229
        },
        "Runner.Losses.ValueLoss.sum": {
            "value": 0.09097251994863459,
            "min": 2.061811666827256e-05,
            "max": 1.6920522445380086,
            "count": 229
        },
        "Runner.Policy.LearningRate.mean": {
            "value": 0.0002708685097105,
            "min": 0.0002708685097105,
            "max": 0.000299808000064,
            "count": 229
        },
        "Runner.Policy.LearningRate.sum": {
            "value": 0.0002708685097105,
            "min": 0.0002708685097105,
            "max": 0.000299808000064,
            "count": 229
        },
        "Runner.Policy.Epsilon.mean": {
            "value": 0.19028949999999992,
            "min": 0.19028949999999992,
            "max": 0.19993599999999997,
            "count": 229
        },
        "Runner.Policy.Epsilon.sum": {
            "value": 0.19028949999999992,
            "min": 0.19028949999999992,
            "max": 0.19993599999999997,
            "count": 229
        },
        "Runner.Policy.Beta.mean": {
            "value": 0.004515446049999998,
            "min": 0.004515446049999998,
            "max": 0.0049968064000000005,
            "count": 229
        },
        "Runner.Policy.Beta.sum": {
            "value": 0.004515446049999998,
            "min": 0.004515446049999998,
            "max": 0.0049968064000000005,
            "count": 229
        },
        "Runner.Environment.EpisodeLength.mean": {
            "value": 11.5,
            "min": 3.0,
            "max": 12091.0,
            "count": 176
        },
        "Runner.Environment.EpisodeLength.sum": {
            "value": 46.0,
            "min": 8.0,
            "max": 12091.0,
            "count": 176
        },
        "Runner.Environment.CumulativeReward.mean": {
            "value": -9.987849950790405,
            "min": -851.3049221038818,
            "max": -7.736401312053204,
            "count": 176
        },
        "Runner.Environment.CumulativeReward.sum": {
            "value": -39.95139980316162,
            "min": -1299.4053688049316,
            "max": -7.736401312053204,
            "count": 176
        },
        "Runner.Policy.ExtrinsicReward.mean": {
            "value": -9.987849950790405,
            "min": -851.3049221038818,
            "max": -7.736401312053204,
            "count": 176
        },
        "Runner.Policy.ExtrinsicReward.sum": {
            "value": -39.95139980316162,
            "min": -1299.4053688049316,
            "max": -7.736401312053204,
            "count": 176
        },
        "Tagger.Policy.Entropy.mean": {
            "value": 1.3672226667404175,
            "min": 1.3672226667404175,
            "max": 1.4201228618621826,
            "count": 19
        },
        "Tagger.Policy.Entropy.sum": {
            "value": 1339.878173828125,
            "min": 1337.8292236328125,
            "max": 1460.08740234375,
            "count": 19
        },
        "Tagger.Step.mean": {
            "value": 18974.0,
            "min": 977.0,
            "max": 18974.0,
            "count": 19
        },
        "Tagger.Step.sum": {
            "value": 18974.0,
            "min": 977.0,
            "max": 18974.0,
            "count": 19
        },
        "Tagger.Policy.ExtrinsicValueEstimate.mean": {
            "value": -1.3560197353363037,
            "min": -5.606346130371094,
            "max": 0.1406046599149704,
            "count": 19
        },
        "Tagger.Policy.ExtrinsicValueEstimate.sum": {
            "value": -21.69631576538086,
            "min": -723.2186279296875,
            "max": 3.79632568359375,
            "count": 19
        },
        "Tagger.Environment.EpisodeLength.mean": {
            "value": 211.0,
            "min": 6.682170542635659,
            "max": 860.0,
            "count": 19
        },
        "Tagger.Environment.EpisodeLength.sum": {
            "value": 211.0,
            "min": 211.0,
            "max": 1590.0,
            "count": 19
        },
        "Tagger.Environment.CumulativeReward.mean": {
            "value": -4.992481424938887,
            "min": -5.954543039513131,
            "max": -4.992481424938887,
            "count": 19
        },
        "Tagger.Environment.CumulativeReward.sum": {
            "value": -4.992481424938887,
            "min": -645.0617990493774,
            "max": -4.992481424938887,
            "count": 19
        },
        "Tagger.Policy.ExtrinsicReward.mean": {
            "value": -4.992481424938887,
            "min": -5.954543039513131,
            "max": -4.992481424938887,
            "count": 19
        },
        "Tagger.Policy.ExtrinsicReward.sum": {
            "value": -4.992481424938887,
            "min": -645.0617990493774,
            "max": -4.992481424938887,
            "count": 19
        },
        "Tagger.IsTraining.mean": {
            "value": 1.0,
            "min": 1.0,
            "max": 1.0,
            "count": 19
        },
        "Tagger.IsTraining.sum": {
            "value": 1.0,
            "min": 1.0,
            "max": 1.0,
            "count": 19
        },
        "Tagger.Losses.PolicyLoss.mean": {
            "value": 0.09791625154806145,
            "min": 0.09032753322268643,
            "max": 0.11097834720082271,
            "count": 9
        },
        "Tagger.Losses.PolicyLoss.sum": {
            "value": 0.09791625154806145,
            "min": 0.09032753322268643,
            "max": 0.11097834720082271,
            "count": 9
        },
        "Tagger.Losses.ValueLoss.mean": {
            "value": 0.25657486329631257,
            "min": 0.05891608660264561,
            "max": 2.2492430731654167,
            "count": 9
        },
        "Tagger.Losses.ValueLoss.sum": {
            "value": 0.25657486329631257,
            "min": 0.05891608660264561,
            "max": 2.2492430731654167,
            "count": 9
        },