{
    "name": "root",
    "gauges": {
        "Runner.Policy.Entropy.mean": {
            "value": 1.7187517881393433,
            "min": 1.4140812158584595,
            "max": 1.7192730903625488,
            "count": 896
        },
        "Runner.Policy.Entropy.sum": {
            "value": 1847.658203125,
            "min": 178.07899475097656,
            "max": 2361.156494140625,
            "count": 896
        },
        "Runner.Step.mean": {
            "value": 897953.0,
            "min": 960.0,
            "max": 897953.0,
            "count": 898
        },
        "Runner.Step.sum": {
            "value": 897953.0,
            "min": 960.0,
            "max": 897953.0,
            "count": 898
        },
        "Runner.Policy.ExtrinsicValueEstimate.mean": {
            "value": 4.705659866333008,
            "min": -86.9769287109375,
            "max": 5.0542120933532715,
            "count": 898
        },
        "Runner.Policy.ExtrinsicValueEstimate.sum": {
            "value": 70.58489990234375,
            "min": -1391.630859375,
            "max": 84.9820327758789,
            "count": 898
        },
        "Runner.IsTraining.mean": {
            "value": 1.0,
            "min": 1.0,
            "max": 1.0,
            "count": 898
        },
        "Runner.IsTraining.sum": {
            "value": 1.0,
            "min": 1.0,
            "max": 1.0,
            "count": 898
        },
        "Tagger.Policy.Entropy.mean": {
            "value": 1.393493890762329,
            "min": 1.393493890762329,
            "max": 1.485473871231079,
            "count": 899
        },
        "Tagger.Policy.Entropy.sum": {
            "value": 1532.84326171875,
            "min": 531.3477783203125,
            "max": 2270.301513671875,
            "count": 899
        },
        "Tagger.Environment.EpisodeLength.mean": {
            "value": 21.454545454545453,
            "min": 10.918367346938776,
            "max": 199.0,
            "count": 898
        },
        "Tagger.Environment.EpisodeLength.sum": {
            "value": 944.0,
            "min": 16.0,
            "max": 3320.0,
            "count": 898
        },
        "Tagger.Step.mean": {
            "value": 898995.0,
            "min": 957.0,
            "max": 898995.0,
            "count": 899
        },
        "Tagger.Step.sum": {
            "value": 898995.0,
            "min": 957.0,
            "max": 898995.0,
            "count": 899
        },
        "Tagger.Policy.ExtrinsicValueEstimate.mean": {
            "value": 0.7073916792869568,
            "min": -1.5293431282043457,
            "max": 1.031241536140442,
            "count": 899
        },
        "Tagger.Policy.ExtrinsicValueEstimate.sum": {
            "value": 36.07697677612305,
            "min": -53.527008056640625,
            "max": 65.0063705444336,
            "count": 899
        },
        "Tagger.Environment.CumulativeReward.mean": {
            "value": 0.9069767441860465,
            "min": -1.0,
            "max": 1.0,
            "count": 898
        },
        "Tagger.Environment.CumulativeReward.sum": {
            "value": 39.0,
            "min": -12.0,
            "max": 72.0,
            "count": 898
        },
        "Tagger.Policy.ExtrinsicReward.mean": {
            "value": 0.9069767441860465,
            "min": -1.0,
            "max": 1.0,
            "count": 898
        },
        "Tagger.Policy.ExtrinsicReward.sum": {
            "value": 39.0,
            "min": -12.0,
            "max": 72.0,
            "count": 898
        },
        "Tagger.IsTraining.mean": {
            "value": 1.0,
            "min": 1.0,
            "max": 1.0,
            "count": 899
        },
        "Tagger.IsTraining.sum": {
            "value": 1.0,
            "min": 1.0,
            "max": 1.0,
            "count": 899
        },
        "Tagger.Losses.PolicyLoss.mean": {
            "value": 0.09900596398316945,
            "min": 0.07416036059051596,
            "max": 0.11791273103638862,
            "count": 432
        },
        "Tagger.Losses.PolicyLoss.sum": {
            "value": 0.09900596398316945,
            "min": 0.07416036059051596,
            "max": 0.11791273103638862,
            "count": 432
        },
        "Tagger.Losses.ValueLoss.mean": {
            "value": 0.017070303477036457,
            "min": 0.007334630000210988,
            "max": 20.777409803568542,
            "count": 432
        },
        "Tagger.Losses.ValueLoss.sum": {
            "value": 0.017070303477036457,
            "min": 0.007334630000210988,
            "max": 20.777409803568542,
            "count": 432
        },
        "Tagger.Policy.LearningRate.mean": {
            "value": 3.05529898157e-05,
            "min": 3.05529898157e-05,
            "max": 0.0002991624002792,
            "count": 432
        },
        "Tagger.Policy.LearningRate.sum": {
            "value": 3.05529898157e-05,
            "min": 3.05529898157e-05,
            "max": 0.0002991624002792,
            "count": 432
        },
        "Tagger.Policy.Epsilon.mean": {
            "value": 0.11018430000000001,
            "min": 0.11018430000000001,
            "max": 0.19972079999999998,
            "count": 432
        },
        "Tagger.Policy.Epsilon.sum": {
            "value": 0.11018430000000001,
            "min": 0.11018430000000001,
            "max": 0.19972079999999998,
            "count": 432
        },
        "Tagger.Policy.Beta.mean": {
            "value": 0.0005181965700000003,
            "min": 0.0005181965700000003,
            "max": 0.00498606792,
            "count": 432
        },
        "Tagger.Policy.Beta.sum": {
            "value": 0.0005181965700000003,
            "min": 0.0005181965700000003,
            "max": 0.00498606792,
            "count": 432
        },
        "Runner.Losses.PolicyLoss.mean": {
            "value": 0.0924447421690054,
            "min": 0.05724555555692253,
            "max": 0.1202843081196676,
            "count": 425
        },
        "Runner.Losses.PolicyLoss.sum": {
            "value": 0.0924447421690054,
            "min": 0.05724555555692253,
            "max": 0.1202843081196676,
            "count": 425
        },
        "Runner.Losses.ValueLoss.mean": {
            "value": 0.008762954409713999,
            "min": 0.005294127542657232,
            "max": 7387.962240535766,
            "count": 425
        },
        "Runner.Losses.ValueLoss.sum": {
            "value": 0.008762954409713999,
            "min": 0.005294127542657232,
            "max": 7387.962240535766,
            "count": 425
        },
        "Runner.Policy.LearningRate.mean": {
            "value": 3.10365896545e-05,
            "min": 3.10365896545e-05,
            "max": 0.0002990400003200001,
            "count": 425
        },
        "Runner.Policy.LearningRate.sum": {
            "value": 3.10365896545e-05,
            "min": 3.10365896545e-05,
            "max": 0.0002990400003200001,
            "count": 425
        },
        "Runner.Policy.Epsilon.mean": {
            "value": 0.11034549999999999,
            "min": 0.11034549999999999,
            "max": 0.19968000000000008,
            "count": 425
        },
        "Runner.Policy.Epsilon.sum": {
            "value": 0.11034549999999999,
            "min": 0.11034549999999999,
            "max": 0.19968000000000008,
            "count": 425
        },
        "Runner.Policy.Beta.mean": {
            "value": 0.0005262404499999999,
            "min": 0.0005262404499999999,
            "max": 0.004984032000000001,
            "count": 425
        },
        "Runner.Policy.Beta.sum": {
            "value": 0.0005262404499999999,
            "min": 0.0005262404499999999,
            "max": 0.004984032000000001,
            "count": 425
        },
        "Runner.Environment.EpisodeLength.mean": {
            "value": 2569.0,
            "min": 45.0,
            "max": 7914.0,
            "count": 481
        },