{
    "name": "root",
    "gauges": {
        "Runner.Policy.Entropy.mean": {
            "value": 1.618859052658081,
            "min": 1.418938159942627,
            "max": 1.618859052658081,
            "count": 183
        },
        "Runner.Policy.Entropy.sum": {
            "value": 1575.14990234375,
            "min": 1374.176513671875,
            "max": 1695.243896484375,
            "count": 183
        },
        "Runner.Step.mean": {
            "value": 182962.0,
            "min": 947.0,
            "max": 182962.0,
            "count": 183
        },
        "Runner.Step.sum": {
            "value": 182962.0,
            "min": 947.0,
            "max": 182962.0,
            "count": 183
        },
        "Runner.Policy.ExtrinsicValueEstimate.mean": {
            "value": 3.18571138381958,
            "min": -161.14688110351562,
            "max": 8.426155090332031,
            "count": 183
        },
        "Runner.Policy.ExtrinsicValueEstimate.sum": {
            "value": 50.97138214111328,
            "min": -2578.35009765625,
            "max": 134.8184814453125,
            "count": 183
        },
        "Runner.Environment.EpisodeLength.mean": {
            "value": 357.5,
            "min": 148.0,
            "max": 4145.0,
            "count": 151
        },
        "Runner.Environment.EpisodeLength.sum": {
            "value": 715.0,
            "min": 148.0,
            "max": 4145.0,
            "count": 151
        },
        "Runner.Environment.CumulativeReward.mean": {
            "value": 16.90499883890152,
            "min": 6.449999630451202,
            "max": 206.25247621536255,
            "count": 152
        },
        "Runner.Environment.CumulativeReward.sum": {
            "value": 33.80999767780304,
            "min": 6.449999630451202,
            "max": 206.25247621536255,
            "count": 152
        },
        "Runner.Policy.ExtrinsicReward.mean": {
            "value": 16.90499883890152,
            "min": 6.449999630451202,
            "max": 206.25247621536255,
            "count": 152
        },
        "Runner.Policy.ExtrinsicReward.sum": {
            "value": 33.80999767780304,
            "min": 6.449999630451202,
            "max": 206.25247621536255,
            "count": 152
        },
        "Runner.IsTraining.mean": {
            "value": 1.0,
            "min": 1.0,
            "max": 1.0,
            "count": 183
        },
        "Runner.IsTraining.sum": {
            "value": 1.0,
            "min": 1.0,
            "max": 1.0,
            "count": 183
        },
        "Tagger.Policy.Entropy.mean": {
            "value": 1.488594651222229,
            "min": 1.4189382791519165,
            "max": 1.4935375452041626,
            "count": 183
        },
        "Tagger.Policy.Entropy.sum": {
            "value": 1494.549072265625,
            "min": 1335.220947265625,
            "max": 1567.971435546875,
            "count": 183
        },
        "Tagger.Step.mean": {
            "value": 182955.0,
            "min": 998.0,
            "max": 182955.0,
            "count": 183
        },
        "Tagger.Step.sum": {
            "value": 182955.0,
            "min": 998.0,
            "max": 182955.0,
            "count": 183
        },
        "Tagger.Policy.ExtrinsicValueEstimate.mean": {
            "value": -0.06561368703842163,
            "min": -43.53654098510742,
            "max": 4.1421284675598145,
            "count": 183
        },
        "Tagger.Policy.ExtrinsicValueEstimate.sum": {
            "value": -1.049818992614746,
            "min": -740.1212158203125,
            "max": 74.55831146240234,
            "count": 183
        },
        "Tagger.Environment.EpisodeLength.mean": {
            "value": 333.6666666666667,
            "min": 174.42857142857142,
            "max": 502.5,
            "count": 183
        },
        "Tagger.Environment.EpisodeLength.sum": {
            "value": 1001.0,
            "min": 531.0,
            "max": 1438.0,
            "count": 183
        },
        "Tagger.Environment.CumulativeReward.mean": {
            "value": -0.3333333333333333,
            "min": -1.0,
            "max": 1.0,
            "count": 183
        },
        "Tagger.Environment.CumulativeReward.sum": {
            "value": -1.0,
            "min": -4.0,
            "max": 2.0,
            "count": 183
        },
        "Tagger.Policy.ExtrinsicReward.mean": {
            "value": -0.3333333333333333,
            "min": -1.0,
            "max": 1.0,
            "count": 183
        },
        "Tagger.Policy.ExtrinsicReward.sum": {
            "value": -1.0,
            "min": -4.0,
            "max": 2.0,
            "count": 183
        },
        "Tagger.IsTraining.mean": {
            "value": 1.0,
            "min": 1.0,
            "max": 1.0,
            "count": 183
        },
        "Tagger.IsTraining.sum": {
            "value": 1.0,
            "min": 1.0,
            "max": 1.0,
            "count": 183
        },
        "Tagger.Losses.PolicyLoss.mean": {
            "value": 0.10313093436222213,
            "min": 0.044163481169865314,
            "max": 0.11185610148822889,
            "count": 87
        },
        "Tagger.Losses.PolicyLoss.sum": {
            "value": 0.10313093436222213,
            "min": 0.044163481169865314,
            "max": 0.11185610148822889,
            "count": 87
        },
        "Tagger.Losses.ValueLoss.mean": {
            "value": 0.01665614274679683,
            "min": 0.008914291240216698,
            "max": 1175.1714806159337,
            "count": 87
        },
        "Tagger.Losses.ValueLoss.sum": {
            "value": 0.01665614274679683,
            "min": 0.008914291240216698,
            "max": 1175.1714806159337,
            "count": 87
        },
        "Tagger.Policy.LearningRate.mean": {
            "value": 0.0002456814181062,
            "min": 0.0002456814181062,
            "max": 0.0002993799002066999,
            "count": 87
        },
        "Tagger.Policy.LearningRate.sum": {
            "value": 0.0002456814181062,
            "min": 0.0002456814181062,
            "max": 0.0002993799002066999,
            "count": 87
        },
        "Tagger.Policy.Epsilon.mean": {
            "value": 0.18189380000000002,
            "min": 0.18189380000000002,
            "max": 0.19979330000000003,
            "count": 87
        },
        "Tagger.Policy.Epsilon.sum": {
            "value": 0.18189380000000002,
            "min": 0.18189380000000002,
            "max": 0.19979330000000003,
            "count": 87
        },
        "Tagger.Policy.Beta.mean": {
            "value": 0.00409650062,
            "min": 0.00409650062,
            "max": 0.00498968567,
            "count": 87
        },
        "Tagger.Policy.Beta.sum": {
            "value": 0.00409650062,
            "min": 0.00409650062,
            "max": 0.00498968567,
            "count": 87
        },
        "Runner.Losses.PolicyLoss.mean": {
            "value": 0.10005085699899931,
            "min": 0.05615296510707898,
            "max": 0.11395499164549013,
            "count": 87
        },
        "Runner.Losses.PolicyLoss.sum": {
            "value": 0.10005085699899931,
            "min": 0.05615296510707898,
            "max": 0.11395499164549013,
            "count": 87
        },
        "Runner.Losses.ValueLoss.mean": {
            "value": 0.18930956905688903,
            "min": 0.09219061451343198,
            "max": 11600.935559749603,
            "count": 87
        },
        "Runner.Losses.ValueLoss.sum": {
            "value": 0.18930956905688903,
            "min": 0.09219061451343198,
            "max": 11600.935559749603,
            "count": 87
        },
        "Runner.Policy.LearningRate.mean": {
            "value": 0.00024560251813250005,
            "min": 0.00024560251813250005,
            "max": 0.00029937030020990005,
            "count": 87
        },