{
    "name": "root",
    "gauges": {
        "Tagger.Policy.Entropy.mean": {
            "value": 1.9070332050323486,
            "min": 1.4145219326019287,
            "max": 1.9170795679092407,
            "count": 4204
        },
        "Tagger.Policy.Entropy.sum": {
            "value": 2193.088134765625,
            "min": 852.6846923828125,
            "max": 2769.877685546875,
            "count": 4204
        },
        "Tagger.Environment.EpisodeLength.mean": {
            "value": 110.75,
            "min": 24.4,
            "max": 2048.0,
            "count": 4194
        },
        "Tagger.Environment.EpisodeLength.sum": {
            "value": 886.0,
            "min": 28.0,
            "max": 6477.0,
            "count": 4194
        },
        "Tagger.Step.mean": {
            "value": 4204979.0,
            "min": 959.0,
            "max": 4204979.0,
            "count": 4205
        },
        "Tagger.Step.sum": {
            "value": 4204979.0,
            "min": 959.0,
            "max": 4204979.0,
            "count": 4205
        },
        "Tagger.Policy.ExtrinsicValueEstimate.mean": {
            "value": 1.7279974222183228,
            "min": -3.4142978191375732,
            "max": 3.6609268188476562,
            "count": 4205
        },
        "Tagger.Policy.ExtrinsicValueEstimate.sum": {
            "value": 34.5599479675293,
            "min": -61.457359313964844,
            "max": 94.2547378540039,
            "count": 4205
        },
        "Tagger.Environment.CumulativeReward.mean": {
            "value": 0.33894530311226845,
            "min": -9.77556324005127,
            "max": 9.051683336496353,
            "count": 4196
        },
        "Tagger.Environment.CumulativeReward.sum": {
            "value": 2.7115624248981476,
            "min": -52.14527986943722,
            "max": 114.28350998461246,
            "count": 4196
        },
        "Tagger.Policy.ExtrinsicReward.mean": {
            "value": 0.33894530311226845,
            "min": -9.77556324005127,
            "max": 9.051683336496353,
            "count": 4196
        },
        "Tagger.Policy.ExtrinsicReward.sum": {
            "value": 2.7115624248981476,
            "min": -52.14527986943722,
            "max": 114.28350998461246,
            "count": 4196
        },
        "Tagger.IsTraining.mean": {
            "value": 1.0,
            "min": 1.0,
            "max": 1.0,
            "count": 4205
        },
        "Tagger.IsTraining.sum": {
            "value": 1.0,
            "min": 1.0,
            "max": 1.0,
            "count": 4205
        },
        "Runner.Policy.Entropy.mean": {
            "value": 0.8248271346092224,
            "min": 0.8248271346092224,
            "max": 1.4826464653015137,
            "count": 4205
        },
        "Runner.Policy.Entropy.sum": {
            "value": 721.7237548828125,
            "min": 449.283203125,
            "max": 2270.301513671875,
            "count": 4205
        },
        "Runner.Environment.EpisodeLength.mean": {
            "value": 43.72727272727273,
            "min": 27.363636363636363,
            "max": 617.5714285714286,
            "count": 4205
        },
        "Runner.Environment.EpisodeLength.sum": {
            "value": 481.0,
            "min": 98.0,
            "max": 5757.0,
            "count": 4205
        },
        "Runner.Step.mean": {
            "value": 4204965.0,
            "min": 980.0,
            "max": 4204965.0,
            "count": 4205
        },
        "Runner.Step.sum": {
            "value": 4204965.0,
            "min": 980.0,
            "max": 4204965.0,
            "count": 4205
        },
        "Runner.Policy.ExtrinsicValueEstimate.mean": {
            "value": -4.2358717918396,
            "min": -8.843706130981445,
            "max": 11.645980834960938,
            "count": 4205
        },
        "Runner.Policy.ExtrinsicValueEstimate.sum": {
            "value": -88.95330810546875,
            "min": -265.916015625,
            "max": 230.7999725341797,
            "count": 4205
        },
        "Runner.Environment.CumulativeReward.mean": {
            "value": -4.156658172607422,
            "min": -9.633560853845934,
            "max": 116.45267173222133,
            "count": 4205
        },
        "Runner.Environment.CumulativeReward.sum": {
            "value": -37.4099235534668,
            "min": -258.2313551902771,
            "max": 1031.152642250061,
            "count": 4205
        },
        "Runner.Policy.ExtrinsicReward.mean": {
            "value": -4.156658172607422,
            "min": -9.633560853845934,
            "max": 116.45267173222133,
            "count": 4205
        },
        "Runner.Policy.ExtrinsicReward.sum": {
            "value": -37.4099235534668,
            "min": -258.2313551902771,
            "max": 1031.152642250061,
            "count": 4205
        },
        "Runner.IsTraining.mean": {
            "value": 1.0,
            "min": 1.0,
            "max": 1.0,
            "count": 4205
        },
        "Runner.IsTraining.sum": {
            "value": 1.0,
            "min": 1.0,
            "max": 1.0,
            "count": 4205
        },
        "Runner.Losses.PolicyLoss.mean": {
            "value": 0.10245758106854434,
            "min": 0.07263995058401818,
            "max": 0.12293968553179487,
            "count": 2022
        },
        "Runner.Losses.PolicyLoss.sum": {
            "value": 0.10245758106854434,
            "min": 0.07263995058401818,
            "max": 0.12293968553179487,
            "count": 2022
        },
        "Runner.Losses.ValueLoss.mean": {
            "value": 24.15820787350337,
            "min": 5.592309772968292,
            "max": 428.7722120185693,
            "count": 2022
        },
        "Runner.Losses.ValueLoss.sum": {
            "value": 24.15820787350337,
            "min": 5.592309772968292,
            "max": 428.7722120185693,
            "count": 2022
        },
        "Runner.Policy.LearningRate.mean": {
            "value": 4.775552408152e-05,
            "min": 4.775552408152e-05,
            "max": 0.00029987442004186,
            "count": 2022
        },
        "Runner.Policy.LearningRate.sum": {
            "value": 4.775552408152e-05,
            "min": 4.775552408152e-05,
            "max": 0.00029987442004186,
            "count": 2022
        },
        "Runner.Policy.Epsilon.mean": {
            "value": 0.11591847999999999,
            "min": 0.11591847999999999,
            "max": 0.19995814000000003,
            "count": 2022
        },
        "Runner.Policy.Epsilon.sum": {
            "value": 0.11591847999999999,
            "min": 0.11591847999999999,
            "max": 0.19995814000000003,
            "count": 2022
        },
        "Runner.Policy.Beta.mean": {
            "value": 0.0008043321520000002,
            "min": 0.0008043321520000002,
            "max": 0.004997911186,
            "count": 2022
        },
        "Runner.Policy.Beta.sum": {
            "value": 0.0008043321520000002,
            "min": 0.0008043321520000002,
            "max": 0.004997911186,
            "count": 2022
        },
        "Tagger.Losses.PolicyLoss.mean": {
            "value": 0.10567240165255498,
            "min": 0.0661853019313033,
            "max": 0.12923729476152043,
            "count": 2016
        },
        "Tagger.Losses.PolicyLoss.sum": {
            "value": 0.10567240165255498,
            "min": 0.0661853019313033,
            "max": 0.12923729476152043,
            "count": 2016
        },
        "Tagger.Losses.ValueLoss.mean": {
            "value": 1.7479611945648987,
            "min": 0.2095730835571885,
            "max": 10.744262114788095,
            "count": 2016
        },
        "Tagger.Losses.ValueLoss.sum": {
            "value": 1.7479611945648987,
            "min": 0.2095730835571885,
            "max": 10.744262114788095,
            "count": 2016
        },