{
    "name": "root",
    "gauges": {
        "Turtle.Policy.Entropy.mean": {
            "value": 1.234453797340393,
            "min": 1.211808681488037,
            "max": 1.270825982093811,
            "count": 5
        },
        "Turtle.Policy.Entropy.sum": {
            "value": 61781.94140625,
            "min": 49945.90625,
            "max": 63520.96484375,
            "count": 5
        },
        "Turtle.Environment.EpisodeLength.mean": {
            "value": 695.9305555555555,
            "min": 610.0,
            "max": 711.2898550724638,
            "count": 5
        },
        "Turtle.Environment.EpisodeLength.sum": {
            "value": 50107.0,
            "min": 32940.0,
            "max": 50107.0,
            "count": 5
        },
        "Turtle.Step.mean": {
            "value": 749985.0,
            "min": 549947.0,
            "max": 749985.0,
            "count": 5
        },
        "Turtle.Step.sum": {
            "value": 749985.0,
            "min": 549947.0,
            "max": 749985.0,
            "count": 5
        },
        "Turtle.Policy.ExtrinsicValueEstimate.mean": {
            "value": 0.0020262636244297028,
            "min": -0.016862766817212105,
            "max": 0.0020262636244297028,
            "count": 5
        },
        "Turtle.Policy.ExtrinsicValueEstimate.sum": {
            "value": 1.6473523378372192,
            "min": -13.675704002380371,
            "max": 1.6473523378372192,
            "count": 5
        },
        "Turtle.Environment.CumulativeReward.mean": {
            "value": -0.025261063827201724,
            "min": -0.09177097034357164,
            "max": 0.08795929984706971,
            "count": 5
        },
        "Turtle.Environment.CumulativeReward.sum": {
            "value": -1.8187965955585241,
            "min": -6.332196953706443,
            "max": 4.7498021917417645,
            "count": 5
        },
        "Turtle.Policy.ExtrinsicReward.mean": {
            "value": -0.025261063827201724,
            "min": -0.09177097034357164,
            "max": 0.08795929984706971,
            "count": 5
        },
        "Turtle.Policy.ExtrinsicReward.sum": {
            "value": -1.8187965955585241,
            "min": -6.332196953706443,
            "max": 4.7498021917417645,
            "count": 5
        },
        "Turtle.Losses.PolicyLoss.mean": {
            "value": 0.025153771381204327,
            "min": 0.022082230942323804,
            "max": 0.02640485907283922,
            "count": 5
        },
        "Turtle.Losses.PolicyLoss.sum": {
            "value": 0.12576885690602163,
            "min": 0.07816059367420772,
            "max": 0.1320242953641961,
            "count": 5
        },
        "Turtle.Losses.ValueLoss.mean": {
            "value": 0.002196730615590544,
            "min": 0.002196730615590544,
            "max": 0.002843500622859412,
            "count": 5
        },
        "Turtle.Losses.ValueLoss.sum": {
            "value": 0.01098365307795272,
            "min": 0.008530501868578236,
            "max": 0.012716780161038816,
            "count": 5
        },
        "Turtle.Policy.LearningRate.mean": {
            "value": 0.00029564623825125433,
            "min": 0.00029564623825125433,
            "max": 0.0002968197930600693,
            "count": 5
        },
        "Turtle.Policy.LearningRate.sum": {
            "value": 0.0014782311912562717,
            "min": 0.0008904593791802079,
            "max": 0.0014828596077134657,
            "count": 5
        },
        "Turtle.Policy.Epsilon.mean": {
            "value": 0.1985487456,
            "min": 0.1985487456,
            "max": 0.19893993066666668,
            "count": 5
        },
        "Turtle.Policy.Epsilon.sum": {
            "value": 0.992743728,
            "min": 0.596819792,
            "max": 0.9942865339999999,
            "count": 5
        },
        "Turtle.Policy.Beta.mean": {
            "value": 0.004927582405439999,
            "min": 0.004927582405439999,
            "max": 0.0049471025402666674,
            "count": 5
        },
        "Turtle.Policy.Beta.sum": {
            "value": 0.024637912027199997,
            "min": 0.014841307620800003,
            "max": 0.0247148980466,
            "count": 5
        },
        "Turtle.IsTraining.mean": {
            "value": 1.0,
            "min": 1.0,
            "max": 1.0,
            "count": 5
        },
        "Turtle.IsTraining.sum": {
            "value": 1.0,
            "min": 1.0,
            "max": 1.0,
            "count": 5
        }
    },
    "metadata": {
        "timer_format_version": "0.1.0",
        "start_time_seconds": "1756868088",
        "python_version": "3.10.12 | packaged by Anaconda, Inc. | (main, Jul  5 2023, 19:01:18) [MSC v.1916 64 bit (AMD64)]",
        "command_line_arguments": "C:\\Users\\65871\\Downloads\\FYP SHit\\anaconda\\envs\\mlagents\\Scripts\\mlagents-learn Config/turtle_Config.yaml --run-id=newGitTest --resume",
        "mlagents_version": "1.1.0",
        "mlagents_envs_version": "1.1.0",
        "communication_protocol_version": "1.5.0",
        "pytorch_version": "2.2.2+cu121",
        "numpy_version": "1.23.5",
        "end_time_seconds": "1756869052"
    },
    "total": 963.1537898001261,
    "count": 1,
    "self": 0.03548790002241731,
    "children": {
        "run_training.setup": {
            "total": 0.12955510010942817,
            "count": 1,
            "self": 0.12955510010942817
        },
        "TrainerController.start_learning": {
            "total": 962.9887467999943,
            "count": 1,
            "self": 1.288315781392157,
            "children": {
                "TrainerController._reset_env": {
                    "total": 10.20753820007667,
                    "count": 1,
                    "self": 10.20753820007667
                },
                "TrainerController.advance": {
                    "total": 950.7841869185213,
                    "count": 16233,
                    "self": 1.3528883203398436,
                    "children": {
                        "env_step": {
                            "total": 642.5410700032953,
                            "count": 16233,
                            "self": 438.4060156054329,
                            "children": {
                                "SubprocessEnvManager._take_step": {
                                    "total": 203.39003700506873,
                                    "count": 16233,
                                    "self": 4.161435608752072,
                                    "children": {
                                        "TorchPolicy.evaluate": {
                                            "total": 199.22860139631666,
                                            "count": 15964,
                                            "self": 199.22860139631666
                                        }
                                    }
                                },
                                "workers": {
                                    "total": 0.7450173927936703,
                                    "count": 16232,
                                    "self": 0.0,
                                    "children": {
                                        "worker_root": {
                                            "total": 893.0259540011175,
                                            "count": 16232,
                                            "is_parallel": true,
                                            "self": 603.9280663251411,
                                            "children": {
                                                "steps_from_proto": {
                                                    "total": 0.00037249992601573467,
                                                    "count": 1,
                                                    "is_parallel": true,