{
    "name": "root",
    "gauges": {
        "Turtle.Policy.Entropy.mean": {
            "value": 1.173535704612732,
            "min": 1.173535704612732,
            "max": 1.173535704612732,
            "count": 1
        },
        "Turtle.Policy.Entropy.sum": {
            "value": 41364.78515625,
            "min": 41364.78515625,
            "max": 41364.78515625,
            "count": 1
        },
        "Turtle.Environment.EpisodeLength.mean": {
            "value": 506.2923076923077,
            "min": 506.2923076923077,
            "max": 506.2923076923077,
            "count": 1
        },
        "Turtle.Environment.EpisodeLength.sum": {
            "value": 32909.0,
            "min": 32909.0,
            "max": 32909.0,
            "count": 1
        },
        "Turtle.Step.mean": {
            "value": 1049985.0,
            "min": 1049985.0,
            "max": 1049985.0,
            "count": 1
        },
        "Turtle.Step.sum": {
            "value": 1049985.0,
            "min": 1049985.0,
            "max": 1049985.0,
            "count": 1
        },
        "Turtle.Policy.ExtrinsicValueEstimate.mean": {
            "value": 0.2777796685695648,
            "min": 0.2777796685695648,
            "max": 0.2777796685695648,
            "count": 1
        },
        "Turtle.Policy.ExtrinsicValueEstimate.sum": {
            "value": 158.8899688720703,
            "min": 158.8899688720703,
            "max": 158.8899688720703,
            "count": 1
        },
        "Turtle.Environment.CumulativeReward.mean": {
            "value": 8.32418467608782,
            "min": 8.32418467608782,
            "max": 8.32418467608782,
            "count": 1
        },
        "Turtle.Environment.CumulativeReward.sum": {
            "value": 541.0720039457083,
            "min": 541.0720039457083,
            "max": 541.0720039457083,
            "count": 1
        },
        "Turtle.Policy.ExtrinsicReward.mean": {
            "value": 8.32418467608782,
            "min": 8.32418467608782,
            "max": 8.32418467608782,
            "count": 1
        },
        "Turtle.Policy.ExtrinsicReward.sum": {
            "value": 541.0720039457083,
            "min": 541.0720039457083,
            "max": 541.0720039457083,
            "count": 1
        },
        "Turtle.Losses.PolicyLoss.mean": {
            "value": 0.02372624038770381,
            "min": 0.02372624038770381,
            "max": 0.02372624038770381,
            "count": 1
        },
        "Turtle.Losses.PolicyLoss.sum": {
            "value": 0.07117872116311143,
            "min": 0.07117872116311143,
            "max": 0.07117872116311143,
            "count": 1
        },
        "Turtle.Losses.ValueLoss.mean": {
            "value": 0.9126997612610769,
            "min": 0.9126997612610769,
            "max": 0.9126997612610769,
            "count": 1
        },
        "Turtle.Losses.ValueLoss.sum": {
            "value": 2.7380992837832308,
            "min": 2.7380992837832308,
            "max": 2.7380992837832308,
            "count": 1
        },
        "Turtle.Policy.LearningRate.mean": {
            "value": 0.00029378395407201593,
            "min": 0.00029378395407201593,
            "max": 0.00029378395407201593,
            "count": 1
        },
        "Turtle.Policy.LearningRate.sum": {
            "value": 0.0008813518622160477,
            "min": 0.0008813518622160477,
            "max": 0.0008813518622160477,
            "count": 1
        },
        "Turtle.Policy.Epsilon.mean": {
            "value": 0.197927984,
            "min": 0.197927984,
            "max": 0.197927984,
            "count": 1
        },
        "Turtle.Policy.Epsilon.sum": {
            "value": 0.593783952,
            "min": 0.593783952,
            "max": 0.593783952,
            "count": 1
        },
        "Turtle.Policy.Beta.mean": {
            "value": 0.0048966064015999984,
            "min": 0.0048966064015999984,
            "max": 0.0048966064015999984,
            "count": 1
        },
        "Turtle.Policy.Beta.sum": {
            "value": 0.014689819204799996,
            "min": 0.014689819204799996,
            "max": 0.014689819204799996,
            "count": 1
        },
        "Turtle.IsTraining.mean": {
            "value": 1.0,
            "min": 1.0,
            "max": 1.0,
            "count": 1
        },
        "Turtle.IsTraining.sum": {
            "value": 1.0,
            "min": 1.0,
            "max": 1.0,
            "count": 1
        }
    },
    "metadata": {
        "timer_format_version": "0.1.0",
        "start_time_seconds": "1756878293",
        "python_version": "3.10.12 | packaged by Anaconda, Inc. | (main, Jul  5 2023, 19:01:18) [MSC v.1916 64 bit (AMD64)]",
        "command_line_arguments": "C:\\Users\\65871\\Downloads\\FYP SHit\\anaconda\\envs\\mlagents\\Scripts\\mlagents-learn Config/turtle_Config.yaml --run-id=newGitTest --resume",
        "mlagents_version": "1.1.0",
        "mlagents_envs_version": "1.1.0",
        "communication_protocol_version": "1.5.0",
        "pytorch_version": "2.2.2+cu121",
        "numpy_version": "1.23.5",
        "end_time_seconds": "1756878523"
    },
    "total": 230.87478769989684,
    "count": 1,
    "self": 0.019450899912044406,
    "children": {
        "run_training.setup": {
            "total": 0.3256206000223756,
            "count": 1,
            "self": 0.3256206000223756
        },
        "TrainerController.start_learning": {
            "total": 230.52971619996242,
            "count": 1,
            "self": 0.2172417074907571,
            "children": {
                "TrainerController._reset_env": {
                    "total": 14.78150669997558,
                    "count": 1,
                    "self": 14.78150669997558
                },
                "TrainerController.advance": {
                    "total": 214.85953639238141,
                    "count": 2844,
                    "self": 0.2273598846513778,
                    "children": {
                        "env_step": {
                            "total": 161.98228070070036,
                            "count": 2844,
                            "self": 125.37104149139486,
                            "children": {
                                "SubprocessEnvManager._take_step": {
                                    "total": 36.487877709558234,
                                    "count": 2844,
                                    "self": 0.7326172117609531,
                                    "children": {
                                        "TorchPolicy.evaluate": {
                                            "total": 35.75526049779728,
                                            "count": 2801,
                                            "self": 35.75526049779728
                                        }
                                    }
                                },
                                "workers": {
                                    "total": 0.1233614997472614,
                                    "count": 2843,
                                    "self": 0.0,
                                    "children": {
                                        "worker_root": {
                                            "total": 157.83374629728496,
                                            "count": 2843,
                                            "is_parallel": true,
                                            "self": 109.75280200084671,
                                            "children": {
                                                "steps_from_proto": {
                                                    "total": 0.0009621998760849237,
                                                    "count": 1,
                                                    "is_parallel": true,
                                                    "self": 0.0006307999137789011,