{
    "name": "root",
    "gauges": {
        "BadmintionAgent.Policy.Entropy.mean": {
            "value": 2.3644351959228516,
            "min": 2.3644351959228516,
            "max": 2.7375712394714355,
            "count": 15
        },
        "BadmintionAgent.Policy.Entropy.sum": {
            "value": 118316.3359375,
            "min": 75162.7578125,
            "max": 135298.59375,
            "count": 15
        },
        "BadmintionAgent.Step.mean": {
            "value": 1899875.0,
            "min": 1199915.0,
            "max": 1899875.0,
            "count": 15
        },
        "BadmintionAgent.Step.sum": {
            "value": 1899875.0,
            "min": 1199915.0,
            "max": 1899875.0,
            "count": 15
        },
        "BadmintionAgent.Policy.ExtrinsicValueEstimate.mean": {
            "value": 14.993619918823242,
            "min": 7.220043182373047,
            "max": 14.993619918823242,
            "count": 15
        },
        "BadmintionAgent.Policy.ExtrinsicValueEstimate.sum": {
            "value": 6477.24365234375,
            "min": 1610.069580078125,
            "max": 6477.24365234375,
            "count": 15
        },
        "BadmintionAgent.Environment.EpisodeLength.mean": {
            "value": 583.4761904761905,
            "min": 458.7826086956522,
            "max": 600.9397590361446,
            "count": 15
        },
        "BadmintionAgent.Environment.EpisodeLength.sum": {
            "value": 49012.0,
            "min": 21104.0,
            "max": 52060.0,
            "count": 15
        },
        "BadmintionAgent.Environment.CumulativeReward.mean": {
            "value": 69.8934601744016,
            "min": 37.71131085831186,
            "max": 69.8934601744016,
            "count": 15
        },
        "BadmintionAgent.Environment.CumulativeReward.sum": {
            "value": 5871.0506546497345,
            "min": 1734.7202994823456,
            "max": 6181.740686774254,
            "count": 15
        },
        "BadmintionAgent.Policy.ExtrinsicReward.mean": {
            "value": 69.8934601744016,
            "min": 37.71131085831186,
            "max": 69.8934601744016,
            "count": 15
        },
        "BadmintionAgent.Policy.ExtrinsicReward.sum": {
            "value": 5871.0506546497345,
            "min": 1734.7202994823456,
            "max": 6181.740686774254,
            "count": 15
        },
        "BadmintionAgent.Losses.PolicyLoss.mean": {
            "value": 0.016593906384352725,
            "min": 0.012682559608947486,
            "max": 0.01749134228027995,
            "count": 15
        },
        "BadmintionAgent.Losses.PolicyLoss.sum": {
            "value": 0.04978171915305817,
            "min": 0.017142696383719642,
            "max": 0.05247402684083984,
            "count": 15
        },
        "BadmintionAgent.Losses.ValueLoss.mean": {
            "value": 1.218346067269643,
            "min": 1.218346067269643,
            "max": 3.435235945383708,
            "count": 15
        },
        "BadmintionAgent.Losses.ValueLoss.sum": {
            "value": 3.655038201808929,
            "min": 2.504958673318227,
            "max": 8.606112313270568,
            "count": 15
        },
        "BadmintionAgent.Policy.LearningRate.mean": {
            "value": 0.00024063470374611996,
            "min": 0.00024063470374611996,
            "max": 0.000244026707389318,
            "count": 15
        },
        "BadmintionAgent.Policy.LearningRate.sum": {
            "value": 0.0007219041112383599,
            "min": 0.000244026707389318,
            "max": 0.000730849142660346,
            "count": 15
        },
        "BadmintionAgent.Policy.Epsilon.mean": {
            "value": 0.19625388000000007,
            "min": 0.19625388000000007,
            "max": 0.19761068199999995,
            "count": 15
        },
        "BadmintionAgent.Policy.Epsilon.sum": {
            "value": 0.5887616400000002,
            "min": 0.19761068199999995,
            "max": 0.5923396540000001,
            "count": 15
        },
        "BadmintionAgent.Policy.Beta.mean": {
            "value": 0.004813068612,
            "min": 0.004813068612,
            "max": 0.004880773031800002,
            "count": 15
        },
        "BadmintionAgent.Policy.Beta.sum": {
            "value": 0.014439205836000002,
            "min": 0.004880773031800002,
            "max": 0.014617748734600002,
            "count": 15
        },
        "BadmintionAgent.IsTraining.mean": {
            "value": 1.0,
            "min": 1.0,
            "max": 1.0,
            "count": 15
        },
        "BadmintionAgent.IsTraining.sum": {
            "value": 1.0,
            "min": 1.0,
            "max": 1.0,
            "count": 15
        }
    },
    "metadata": {
        "timer_format_version": "0.1.0",
        "start_time_seconds": "1760198840",
        "python_version": "3.10.12 | packaged by Anaconda, Inc. | (main, Jul  5 2023, 19:01:18) [MSC v.1916 64 bit (AMD64)]",
        "command_line_arguments": "S:\\FypStuff\\miniconda3\\envs\\mlagents\\Scripts\\mlagents-learn config/BadmintionTrainer_Config.yaml --run-id=BdmVer2Test1 --resume",
        "mlagents_version": "1.2.0.dev0",
        "mlagents_envs_version": "1.2.0.dev0",
        "communication_protocol_version": "1.5.0",
        "pytorch_version": "2.2.2+cu121",
        "numpy_version": "1.23.5",
        "end_time_seconds": "1760200529"
    },
    "total": 1688.4427966999997,
    "count": 1,
    "self": 0.006243999999696825,
    "children": {
        "run_training.setup": {
            "total": 0.10096799999973882,
            "count": 1,
            "self": 0.10096799999973882
        },
        "TrainerController.start_learning": {
            "total": 1688.3355847000003,
            "count": 1,
            "self": 0.6888774999524685,
            "children": {
                "TrainerController._reset_env": {
                    "total": 13.469648700000107,
                    "count": 1,
                    "self": 13.469648700000107
                },
                "TrainerController.advance": {
                    "total": 1674.0497801000474,
                    "count": 32399,
                    "self": 0.6301708999608309,
                    "children": {
                        "env_step": {
                            "total": 1493.4009547000474,
                            "count": 32399,
                            "self": 1295.2753074000689,
                            "children": {
                                "SubprocessEnvManager._take_step": {
                                    "total": 197.66433380000035,
                                    "count": 32399,
                                    "self": 1.9436295000223254,
                                    "children": {
                                        "TorchPolicy.evaluate": {
                                            "total": 195.72070429997802,
                                            "count": 31094,
                                            "self": 195.72070429997802
                                        }
                                    }
                                },
                                "workers": {
                                    "total": 0.4613134999781323,
                                    "count": 32398,
                                    "self": 0.0,
                                    "children": {
                                        "worker_root": {
                                            "total": 1665.8719694000688,
                                            "count": 32398,
                                            "is_parallel": true,
                                            "self": 432.3486944999786,