{
    "name": "root",
    "metadata": {
        "timer_format_version": "0.1.0",
        "start_time_seconds": "1759916177",
        "python_version": "3.10.12 | packaged by Anaconda, Inc. | (main, Jul  5 2023, 19:01:18) [MSC v.1916 64 bit (AMD64)]",
        "command_line_arguments": "C:\\Users\\65871\\Downloads\\FYP SHit\\anaconda\\envs\\mlagents\\Scripts\\mlagents-learn Config\\BadmintionTrainer_Config.yaml --run-id=BdmVer2Test1 --resume",
        "mlagents_version": "1.1.0",
        "mlagents_envs_version": "1.1.0",
        "communication_protocol_version": "1.5.0",
        "pytorch_version": "2.2.2+cu121",
        "numpy_version": "1.23.5",
        "end_time_seconds": "1759916363"
    },
    "total": 185.73259299999972,
    "count": 1,
    "self": 0.022830799999610463,
    "children": {
        "run_training.setup": {
            "total": 0.13226699999995617,
            "count": 1,
            "self": 0.13226699999995617
        },
        "TrainerController.start_learning": {
            "total": 185.57749520000016,
            "count": 1,
            "self": 0.06327970000074856,
            "children": {
                "TrainerController._reset_env": {
                    "total": 35.81952460000048,
                    "count": 1,
                    "self": 35.81952460000048
                },
                "TrainerController.advance": {
                    "total": 149.05470409999907,
                    "count": 696,
                    "self": 0.06092970001282083,
                    "children": {
                        "env_step": {
                            "total": 147.8927339999991,
                            "count": 696,
                            "self": 126.58547330001875,
                            "children": {
                                "SubprocessEnvManager._take_step": {
                                    "total": 21.270878399981484,
                                    "count": 697,
                                    "self": 0.21434849998877326,
                                    "children": {
                                        "TorchPolicy.evaluate": {
                                            "total": 21.05652989999271,
                                            "count": 695,
                                            "self": 21.05652989999271
                                        }
                                    }
                                },
                                "workers": {
                                    "total": 0.03638229999887699,
                                    "count": 695,
                                    "self": 0.0,
                                    "children": {
                                        "worker_root": {
                                            "total": 79.85411820001991,
                                            "count": 695,
                                            "is_parallel": true,
                                            "self": 31.422648500029936,
                                            "children": {
                                                "steps_from_proto": {
                                                    "total": 0.0008736999989196192,
                                                    "count": 2,
                                                    "is_parallel": true,
                                                    "self": 0.00044439999874157365,
                                                    "children": {
                                                        "_process_rank_one_or_two_observation": {
                                                            "total": 0.0004293000001780456,
                                                            "count": 4,
                                                            "is_parallel": true,
                                                            "self": 0.0004293000001780456
                                                        }
                                                    }
                                                },
                                                "UnityEnvironment.step": {
                                                    "total": 48.430595999991056,
                                                    "count": 695,
                                                    "is_parallel": true,
                                                    "self": 0.08458890003566921,
                                                    "children": {
                                                        "UnityEnvironment._generate_step_input": {
                                                            "total": 0.14832639998076047,
                                                            "count": 695,
                                                            "is_parallel": true,
                                                            "self": 0.14832639998076047
                                                        },
                                                        "communicator.exchange": {
                                                            "total": 48.002203999983976,
                                                            "count": 695,
                                                            "is_parallel": true,
                                                            "self": 48.002203999983976
                                                        },
                                                        "steps_from_proto": {
                                                            "total": 0.19547669999064965,
                                                            "count": 695,
                                                            "is_parallel": true,
                                                            "self": 0.1044093000009525,
                                                            "children": {
                                                                "_process_rank_one_or_two_observation": {
                                                                    "total": 0.09106739998969715,
                                                                    "count": 1390,
                                                                    "is_parallel": true,
                                                                    "self": 0.09106739998969715
                                                                }
                                                            }
                                                        }
                                                    }
                                                }
                                            }
                                        }
                                    }
                                }
                            }
                        },
                        "trainer_advance": {
                            "total": 1.1010403999871414,
                            "count": 695,
                            "self": 0.06177409999509109,
                            "children": {
                                "process_trajectory": {
                                    "total": 1.0392662999920503,
                                    "count": 695,
                                    "self": 1.0392662999920503
                                }
                            }
                        }
                    }
                },
                "TrainerController._save_models": {
                    "total": 0.6399867999998605,
                    "count": 1,
                    "self": 0.033096999999543186,
                    "children": {
                        "RLTrainer._checkpoint": {
                            "total": 0.6068898000003173,
                            "count": 1,