{
    "name": "root",
    "gauges": {
        "BadmintonSelfPlay.Policy.Entropy.mean": {
            "value": 2.631155252456665,
            "min": 2.631155252456665,
            "max": 2.901931047439575,
            "count": 3
        },
        "BadmintonSelfPlay.Policy.Entropy.sum": {
            "value": 266672.84375,
            "min": 266672.84375,
            "max": 277030.84375,
            "count": 3
        },
        "BadmintonSelfPlay.Step.mean": {
            "value": 499988.0,
            "min": 399912.0,
            "max": 499988.0,
            "count": 3
        },
        "BadmintonSelfPlay.Step.sum": {
            "value": 499988.0,
            "min": 399912.0,
            "max": 499988.0,
            "count": 3
        },
        "BadmintonSelfPlay.Policy.ExtrinsicValueEstimate.mean": {
            "value": -1.9785298109054565,
            "min": -2.5789225101470947,
            "max": -1.9785298109054565,
            "count": 3
        },
        "BadmintonSelfPlay.Policy.ExtrinsicValueEstimate.sum": {
            "value": -793.3904418945312,
            "min": -943.8856201171875,
            "max": -793.3904418945312,
            "count": 3
        },
        "BadmintonSelfPlay.Environment.EpisodeLength.mean": {
            "value": 979.84,
            "min": 963.7796610169491,
            "max": 983.7297297297297,
            "count": 3
        },
        "BadmintonSelfPlay.Environment.EpisodeLength.sum": {
            "value": 97984.0,
            "min": 72796.0,
            "max": 113726.0,
            "count": 3
        },
        "BadmintonSelfPlay.Environment.CumulativeReward.mean": {
            "value": -3.0385994997620585,
            "min": -13.342081356692958,
            "max": -3.0385994997620585,
            "count": 3
        },
        "BadmintonSelfPlay.Environment.CumulativeReward.sum": {
            "value": -151.9299749881029,
            "min": -493.65701019763947,
            "max": -151.9299749881029,
            "count": 3
        },
        "BadmintonSelfPlay.Policy.ExtrinsicReward.mean": {
            "value": -3.0385994997620585,
            "min": -13.342081356692958,
            "max": -3.0385994997620585,
            "count": 3
        },
        "BadmintonSelfPlay.Policy.ExtrinsicReward.sum": {
            "value": -151.9299749881029,
            "min": -493.65701019763947,
            "max": -151.9299749881029,
            "count": 3
        },
        "BadmintonSelfPlay.Losses.PolicyLoss.mean": {
            "value": 0.019263945605295398,
            "min": 0.01824433202079187,
            "max": 0.019263945605295398,
            "count": 3
        },
        "BadmintonSelfPlay.Losses.PolicyLoss.sum": {
            "value": 0.038527891210590796,
            "min": 0.03648866404158374,
            "max": 0.038527891210590796,
            "count": 3
        },
        "BadmintonSelfPlay.Losses.ValueLoss.mean": {
            "value": 0.04793571603174011,
            "min": 0.04793571603174011,
            "max": 0.16015601282318434,
            "count": 3
        },
        "BadmintonSelfPlay.Losses.ValueLoss.sum": {
            "value": 0.09587143206348021,
            "min": 0.09587143206348021,
            "max": 0.3203120256463687,
            "count": 3
        },
        "BadmintonSelfPlay.Policy.LearningRate.mean": {
            "value": 0.00024765245093902007,
            "min": 0.00024765245093902007,
            "max": 0.000248071768271293,
            "count": 3
        },
        "BadmintonSelfPlay.Policy.LearningRate.sum": {
            "value": 0.0004953049018780401,
            "min": 0.0004953049018780401,
            "max": 0.000496143536542586,
            "count": 3
        },
        "BadmintonSelfPlay.Policy.Epsilon.mean": {
            "value": 0.19906098000000005,
            "min": 0.19906098000000005,
            "max": 0.19922870700000003,
            "count": 3
        },
        "BadmintonSelfPlay.Policy.Epsilon.sum": {
            "value": 0.3981219600000001,
            "min": 0.3981219600000001,
            "max": 0.39845741400000007,
            "count": 3
        },
        "BadmintonSelfPlay.Policy.Beta.mean": {
            "value": 0.004953142902,
            "min": 0.004953142902,
            "max": 0.004961512479300001,
            "count": 3
        },
        "BadmintonSelfPlay.Policy.Beta.sum": {
            "value": 0.009906285804,
            "min": 0.009906285804,
            "max": 0.009923024958600002,
            "count": 3
        },
        "BadmintonSelfPlay.Self-play.ELO.mean": {
            "value": 1206.3441004293231,
            "min": 1206.217125281348,
            "max": 1207.0915856133395,
            "count": 3
        },
        "BadmintonSelfPlay.Self-play.ELO.sum": {
            "value": 2412.6882008586463,
            "min": 1207.0915856133395,
            "max": 4824.868501125392,
            "count": 3
        },
        "BadmintonSelfPlay.IsTraining.mean": {
            "value": 1.0,
            "min": 1.0,
            "max": 1.0,
            "count": 3
        },
        "BadmintonSelfPlay.IsTraining.sum": {
            "value": 1.0,
            "min": 1.0,
            "max": 1.0,
            "count": 3
        }
    },
    "metadata": {
        "timer_format_version": "0.1.0",
        "start_time_seconds": "1758590638",
        "python_version": "3.10.12 | packaged by Anaconda, Inc. | (main, Jul  5 2023, 19:01:18) [MSC v.1916 64 bit (AMD64)]",
        "command_line_arguments": "C:\\Users\\65871\\Downloads\\FYP SHit\\anaconda\\envs\\mlagents\\Scripts\\mlagents-learn Config/BadmintionSelfPlay.yaml --run-id=BDMSelfPlay --resume",
        "mlagents_version": "1.1.0",
        "mlagents_envs_version": "1.1.0",
        "communication_protocol_version": "1.5.0",
        "pytorch_version": "2.2.2+cu121",
        "numpy_version": "1.23.5",
        "end_time_seconds": "1758592147"
    },
    "total": 1509.4734875001013,
    "count": 1,
    "self": 0.024521700339391828,
    "children": {
        "run_training.setup": {
            "total": 0.23964999988675117,
            "count": 1,
            "self": 0.23964999988675117
        },
        "TrainerController.start_learning": {
            "total": 1509.2093157998752,
            "count": 1,
            "self": 1.0849365026224405,
            "children": {
                "TrainerController._reset_env": {
                    "total": 36.48976209992543,
                    "count": 2,
                    "self": 36.48976209992543
                },
                "TrainerController.advance": {
                    "total": 1471.326694897376,
                    "count": 14571,
                    "self": 1.1783771361224353,
                    "children": {
                        "env_step": {
                            "total": 1258.9732927789446,
                            "count": 14571,
                            "self": 656.5738983657211,
                            "children": {
                                "SubprocessEnvManager._take_step": {
                                    "total": 601.7867587204091,
                                    "count": 14571,
                                    "self": 8.009093513246626,
                                    "children": {
                                        "TorchPolicy.evaluate": {
                                            "total": 593.7776652071625,
                                            "count": 29076,
                                            "self": 593.7776652071625
                                        }
                                    }
                                },
                                "workers": {
                                    "total": 0.612635692814365,
                                    "count": 14570,
                                    "self": 0.0,