{
    "name": "root",
    "metadata": {
        "timer_format_version": "0.1.0",
        "start_time_seconds": "1758531334",
        "python_version": "3.10.12 | packaged by Anaconda, Inc. | (main, Jul  5 2023, 19:01:18) [MSC v.1916 64 bit (AMD64)]",
        "command_line_arguments": "C:\\Users\\65871\\Downloads\\FYP SHit\\anaconda\\envs\\mlagents\\Scripts\\mlagents-learn Config/BadmintionSelfPlay.yaml --run-id=BDMSelfPlay --resume",
        "mlagents_version": "1.1.0",
        "mlagents_envs_version": "1.1.0",
        "communication_protocol_version": "1.5.0",
        "pytorch_version": "2.2.2+cu121",
        "numpy_version": "1.23.5",
        "end_time_seconds": "1758531499"
    },
    "total": 164.79931360005867,
    "count": 1,
    "self": 0.020439899992197752,
    "children": {
        "run_training.setup": {
            "total": 0.25963920005597174,
            "count": 1,
            "self": 0.25963920005597174
        },
        "TrainerController.start_learning": {
            "total": 164.5192345000105,
            "count": 1,
            "self": 0.06580599851440638,
            "children": {
                "TrainerController._reset_env": {
                    "total": 15.53246889996808,
                    "count": 2,
                    "self": 15.53246889996808
                },
                "TrainerController.advance": {
                    "total": 148.3819768015528,
                    "count": 898,
                    "self": 0.07286390103399754,
                    "children": {
                        "env_step": {
                            "total": 143.67356580169871,
                            "count": 898,
                            "self": 102.00560569926165,
                            "children": {
                                "SubprocessEnvManager._take_step": {
                                    "total": 41.63000570004806,
                                    "count": 898,
                                    "self": 0.538448398350738,
                                    "children": {
                                        "TorchPolicy.evaluate": {
                                            "total": 41.09155730169732,
                                            "count": 1796,
                                            "self": 41.09155730169732
                                        }
                                    }
                                },
                                "workers": {
                                    "total": 0.03795440238900483,
                                    "count": 897,
                                    "self": 0.0,
                                    "children": {
                                        "worker_root": {
                                            "total": 91.63685619970784,
                                            "count": 897,
                                            "is_parallel": true,
                                            "self": 58.92241970135365,
                                            "children": {
                                                "steps_from_proto": {
                                                    "total": 0.006124800071120262,
                                                    "count": 4,
                                                    "is_parallel": true,
                                                    "self": 0.0026691999519243836,
                                                    "children": {
                                                        "_process_rank_one_or_two_observation": {
                                                            "total": 0.0034556001191958785,
                                                            "count": 8,
                                                            "is_parallel": true,
                                                            "self": 0.0034556001191958785
                                                        }
                                                    }
                                                },
                                                "UnityEnvironment.step": {
                                                    "total": 32.70831169828307,
                                                    "count": 897,
                                                    "is_parallel": true,
                                                    "self": 0.16053429490420967,
                                                    "children": {
                                                        "UnityEnvironment._generate_step_input": {
                                                            "total": 0.44297770084813237,
                                                            "count": 897,
                                                            "is_parallel": true,
                                                            "self": 0.44297770084813237
                                                        },
                                                        "communicator.exchange": {
                                                            "total": 31.673149801208638,
                                                            "count": 897,
                                                            "is_parallel": true,
                                                            "self": 31.673149801208638
                                                        },
                                                        "steps_from_proto": {
                                                            "total": 0.43164990132208914,
                                                            "count": 1794,
                                                            "is_parallel": true,
                                                            "self": 0.21452370181214064,
                                                            "children": {
                                                                "_process_rank_one_or_two_observation": {
                                                                    "total": 0.2171261995099485,
                                                                    "count": 3588,
                                                                    "is_parallel": true,
                                                                    "self": 0.2171261995099485
                                                                }
                                                            }
                                                        }
                                                    }
                                                }
                                            }
                                        }
                                    }
                                }
                            }
                        },
                        "trainer_advance": {
                            "total": 4.635547098820098,
                            "count": 897,
                            "self": 0.27163679676596075,
                            "children": {
                                "process_trajectory": {
                                    "total": 4.363910302054137,
                                    "count": 897,
                                    "self": 4.363910302054137
                                }
                            }
                        }
                    }
                },
                "TrainerController._save_models": {
                    "total": 0.5389827999752015,
                    "count": 1,
                    "self": 0.01844869996421039,
                    "children": {
                        "RLTrainer._checkpoint": {
                            "total": 0.5205341000109911,
                            "count": 1,