{
    "name": "root",
    "gauges": {
        "Pong.Policy.Entropy.mean": {
            "value": 0.3754560947418213,
            "min": 0.34775683283805847,
            "max": 1.073566198348999,
            "count": 80
        },
        "Pong.Policy.Entropy.sum": {
            "value": 19192.939453125,
            "min": 17712.646484375,
            "max": 54391.16015625,
            "count": 80
        },
        "Pong.Step.mean": {
            "value": 3999950.0,
            "min": 49952.0,
            "max": 3999950.0,
            "count": 80
        },
        "Pong.Step.sum": {
            "value": 3999950.0,
            "min": 49952.0,
            "max": 3999950.0,
            "count": 80
        },
        "Pong.Policy.ExtrinsicValueEstimate.mean": {
            "value": 10.682907104492188,
            "min": 1.5054268836975098,
            "max": 11.373237609863281,
            "count": 80
        },
        "Pong.Policy.ExtrinsicValueEstimate.sum": {
            "value": 8407.4482421875,
            "min": 1205.846923828125,
            "max": 8962.111328125,
            "count": 80
        },
        "Pong.Environment.EpisodeLength.mean": {
            "value": 1016.3333333333334,
            "min": 573.5625,
            "max": 1058.5714285714287,
            "count": 80
        },
        "Pong.Environment.EpisodeLength.sum": {
            "value": 15245.0,
            "min": 6926.0,
            "max": 31995.0,
            "count": 80
        },
        "Pong.Self-play.ELO.mean": {
            "value": 133.6034480065228,
            "min": 133.6034480065228,
            "max": 1181.0203620020973,
            "count": 80
        },
        "Pong.Self-play.ELO.sum": {
            "value": 2004.051720097842,
            "min": 2004.051720097842,
            "max": 43697.7533940776,
            "count": 80
        },
        "Pong.Environment.CumulativeReward.mean": {
            "value": 120.8851352651914,
            "min": 7.13574611013,
            "max": 123.61465465596744,
            "count": 80
        },
        "Pong.Environment.CumulativeReward.sum": {
            "value": 1813.277028977871,
            "min": 264.02260607481,
            "max": 1813.277028977871,
            "count": 80
        },
        "Pong.Policy.ExtrinsicReward.mean": {
            "value": 120.8851352651914,
            "min": 7.13574611013,
            "max": 123.61465465596744,
            "count": 80
        },
        "Pong.Policy.ExtrinsicReward.sum": {
            "value": 1813.277028977871,
            "min": 264.02260607481,
            "max": 1813.277028977871,
            "count": 80
        },
        "Pong.Losses.PolicyLoss.mean": {
            "value": 0.021830095353846748,
            "min": 0.020884044608101247,
            "max": 0.02862055879086256,
            "count": 80
        },
        "Pong.Losses.PolicyLoss.sum": {
            "value": 0.10915047676923374,
            "min": 0.08540801811031998,
            "max": 0.1431027939543128,
            "count": 80
        },
        "Pong.Losses.ValueLoss.mean": {
            "value": 1.70111181974411,
            "min": 1.243828293879827,
            "max": 2.4267406980196635,
            "count": 80
        },
        "Pong.Losses.ValueLoss.sum": {
            "value": 8.50555909872055,
            "min": 5.05874417424202,
            "max": 9.706962792078654,
            "count": 80
        },
        "Pong.Policy.LearningRate.mean": {
            "value": 2.006454331215008e-06,
            "min": 2.006454331215008e-06,
            "max": 0.00029804720690093124,
            "count": 80
        },
        "Pong.Policy.LearningRate.sum": {
            "value": 1.003227165607504e-05,
            "min": 1.003227165607504e-05,
            "max": 0.0014727414090861999,
            "count": 80
        },
        "Pong.Policy.Epsilon.mean": {
            "value": 0.10066878500000001,
            "min": 0.10066878500000001,
            "max": 0.19934906875,
            "count": 80
        },
        "Pong.Policy.Epsilon.sum": {
            "value": 0.503343925,
            "min": 0.41256000000000004,
            "max": 0.9909138,
            "count": 80
        },
        "Pong.Policy.Beta.mean": {
            "value": 4.337237150000015e-05,
            "min": 4.337237150000015e-05,
            "max": 0.004967518530625,
            "count": 80
        },
        "Pong.Policy.Beta.sum": {
            "value": 0.00021686185750000077,
            "min": 0.00021686185750000077,
            "max": 0.02454659862,
            "count": 80
        },
        "Pong.IsTraining.mean": {
            "value": 1.0,
            "min": 1.0,
            "max": 1.0,
            "count": 80
        },
        "Pong.IsTraining.sum": {
            "value": 1.0,
            "min": 1.0,
            "max": 1.0,
            "count": 80
        }
    },
    "metadata": {
        "timer_format_version": "0.1.0",
        "start_time_seconds": "1762840971",
        "python_version": "3.10.12 | packaged by Anaconda, Inc. | (main, Jul  5 2023, 19:01:18) [MSC v.1916 64 bit (AMD64)]",
        "command_line_arguments": "C:\\Users\\233147H\\.conda\\envs\\mlagents\\Scripts\\mlagents-learn Config/pong_config.yaml --run-id=HardPongAI --force",
        "mlagents_version": "1.2.0.dev0",
        "mlagents_envs_version": "1.2.0.dev0",
        "communication_protocol_version": "1.5.0",
        "pytorch_version": "2.2.2+cu121",
        "numpy_version": "1.23.5",
        "end_time_seconds": "1762849194"
    },
    "total": 8222.665902800003,
    "count": 1,
    "self": 0.00770560000455589,
    "children": {
        "run_training.setup": {
            "total": 0.10798140000042622,
            "count": 1,
            "self": 0.10798140000042622
        },
        "TrainerController.start_learning": {
            "total": 8222.550215799998,
            "count": 1,
            "self": 11.415183301651268,
            "children": {
                "TrainerController._reset_env": {
                    "total": 19.51331109999228,
                    "count": 399,
                    "self": 19.51331109999228
                },
                "TrainerController.advance": {
                    "total": 8191.574317898354,
                    "count": 677751,
                    "self": 11.361196201993152,
                    "children": {
                        "env_step": {
                            "total": 7410.24322969895,
                            "count": 677751,
                            "self": 5098.822794297517,
                            "children": {
                                "SubprocessEnvManager._take_step": {
                                    "total": 2303.7808948006423,
                                    "count": 677751,
                                    "self": 36.194156300585746,
                                    "children": {
                                        "TorchPolicy.evaluate": {
                                            "total": 2267.5867385000565,
                                            "count": 677750,
                                            "self": 2267.5867385000565
                                        }
                                    }
                                },
                                "workers": {
                                    "total": 7.639540600790497,
                                    "count": 677751,
                                    "self": 0.0,
                                    "children": {
                                        "worker_root": {
                                            "total": 8189.533342602641,
                                            "count": 677751,
                                            "is_parallel": true,
                                            "self": 3745.0381781024735,