{
    "name": "root",
    "gauges": {
        "BadmintionAgent.Policy.Entropy.mean": {
            "value": 3.2560558319091797,
            "min": 3.2560558319091797,
            "max": 3.573594093322754,
            "count": 4
        },
        "BadmintionAgent.Policy.Entropy.sum": {
            "value": 163167.46875,
            "min": 163167.46875,
            "max": 181009.6875,
            "count": 4
        },
        "BadmintionAgent.Environment.EpisodeLength.mean": {
            "value": 150.4702380952381,
            "min": 150.4702380952381,
            "max": 176.6761565836299,
            "count": 4
        },
        "BadmintionAgent.Environment.EpisodeLength.sum": {
            "value": 50558.0,
            "min": 49219.0,
            "max": 50558.0,
            "count": 4
        },
        "BadmintionAgent.Step.mean": {
            "value": 199978.0,
            "min": 49928.0,
            "max": 199978.0,
            "count": 4
        },
        "BadmintionAgent.Step.sum": {
            "value": 199978.0,
            "min": 49928.0,
            "max": 199978.0,
            "count": 4
        },
        "BadmintionAgent.Policy.ExtrinsicValueEstimate.mean": {
            "value": -7.326572418212891,
            "min": -7.8597731590271,
            "max": -2.2095956802368164,
            "count": 4
        },
        "BadmintionAgent.Policy.ExtrinsicValueEstimate.sum": {
            "value": -3604.673583984375,
            "min": -3788.41064453125,
            "max": -1031.8812255859375,
            "count": 4
        },
        "BadmintionAgent.Environment.CumulativeReward.mean": {
            "value": -14.495711386913346,
            "min": -34.603953370451926,
            "max": -14.495711386913346,
            "count": 4
        },
        "BadmintionAgent.Environment.CumulativeReward.sum": {
            "value": -4870.559026002884,
            "min": -9689.10694372654,
            "max": -4870.559026002884,
            "count": 4
        },
        "BadmintionAgent.Policy.ExtrinsicReward.mean": {
            "value": -14.495711386913346,
            "min": -34.603953370451926,
            "max": -14.495711386913346,
            "count": 4
        },
        "BadmintionAgent.Policy.ExtrinsicReward.sum": {
            "value": -4870.559026002884,
            "min": -9689.10694372654,
            "max": -4870.559026002884,
            "count": 4
        },
        "BadmintionAgent.Losses.PolicyLoss.mean": {
            "value": 0.018805179038705926,
            "min": 0.014441073903193076,
            "max": 0.018805179038705926,
            "count": 4
        },
        "BadmintionAgent.Losses.PolicyLoss.sum": {
            "value": 0.03761035807741185,
            "min": 0.028882147806386153,
            "max": 0.04920886350640406,
            "count": 4
        },
        "BadmintionAgent.Losses.ValueLoss.mean": {
            "value": 3.0951343695322673,
            "min": 3.0951343695322673,
            "max": 6.596720524628957,
            "count": 4
        },
        "BadmintionAgent.Losses.ValueLoss.sum": {
            "value": 6.190268739064535,
            "min": 6.190268739064535,
            "max": 13.193441049257913,
            "count": 4
        },
        "BadmintionAgent.Policy.LearningRate.mean": {
            "value": 0.00024912674784930105,
            "min": 0.00024912674784930105,
            "max": 0.000249845947561621,
            "count": 4
        },
        "BadmintionAgent.Policy.LearningRate.sum": {
            "value": 0.0004982534956986021,
            "min": 0.0004982534956986021,
            "max": 0.0007481496507401399,
            "count": 4
        },
        "BadmintionAgent.Policy.Epsilon.mean": {
            "value": 0.19965069900000004,
            "min": 0.19965069900000004,
            "max": 0.19993837899999997,
            "count": 4
        },
        "BadmintionAgent.Policy.Epsilon.sum": {
            "value": 0.3993013980000001,
            "min": 0.3993013980000001,
            "max": 0.5992598599999999,
            "count": 4
        },
        "BadmintionAgent.Policy.Beta.mean": {
            "value": 0.004982569880100001,
            "min": 0.004982569880100001,
            "max": 0.0049969251121,
            "count": 4
        },
        "BadmintionAgent.Policy.Beta.sum": {
            "value": 0.009965139760200002,
            "min": 0.009965139760200002,
            "max": 0.014963067013999999,
            "count": 4
        },
        "BadmintionAgent.IsTraining.mean": {
            "value": 1.0,
            "min": 1.0,
            "max": 1.0,
            "count": 4
        },
        "BadmintionAgent.IsTraining.sum": {
            "value": 1.0,
            "min": 1.0,
            "max": 1.0,
            "count": 4
        }
    },
    "metadata": {
        "timer_format_version": "0.1.0",
        "start_time_seconds": "1758787368",
        "python_version": "3.10.12 | packaged by Anaconda, Inc. | (main, Jul  5 2023, 19:01:18) [MSC v.1916 64 bit (AMD64)]",
        "command_line_arguments": "C:\\Users\\65871\\Downloads\\FYP SHit\\anaconda\\envs\\mlagents\\Scripts\\mlagents-learn Config\\BadmintionTrainer_Config.yaml --run-id=bdm1 --force",
        "mlagents_version": "1.1.0",
        "mlagents_envs_version": "1.1.0",
        "communication_protocol_version": "1.5.0",
        "pytorch_version": "2.2.2+cu121",
        "numpy_version": "1.23.5",
        "end_time_seconds": "1758788647"
    },
    "total": 1279.7648524001706,
    "count": 1,
    "self": 0.037845900282263756,
    "children": {
        "run_training.setup": {
            "total": 0.1932006999850273,
            "count": 1,
            "self": 0.1932006999850273
        },
        "TrainerController.start_learning": {
            "total": 1279.5338057999033,
            "count": 1,
            "self": 1.4612408934626728,
            "children": {
                "TrainerController._reset_env": {
                    "total": 13.175697900122032,
                    "count": 1,
                    "self": 13.175697900122032
                },
                "TrainerController.advance": {
                    "total": 1263.9914020064753,
                    "count": 19206,
                    "self": 1.522157408297062,
                    "children": {
                        "env_step": {
                            "total": 970.4664697162807,
                            "count": 19206,
                            "self": 577.8202796336263,
                            "children": {
                                "SubprocessEnvManager._take_step": {
                                    "total": 391.74879658804275,
                                    "count": 19206,
                                    "self": 6.013746500713751,
                                    "children": {
                                        "TorchPolicy.evaluate": {
                                            "total": 385.735050087329,
                                            "count": 18309,
                                            "self": 385.735050087329
                                        }
                                    }
                                },
                                "workers": {
                                    "total": 0.897393494611606,
                                    "count": 19205,
                                    "self": 0.0,
                                    "children": {
                                        "worker_root": {
                                            "total": 1214.6579253063537,
                                            "count": 19205,
                                            "is_parallel": true,
                                            "self": 785.3742928041611,