{
    "name": "root",
    "gauges": {
        "BadmintionAgent.Policy.Entropy.mean": {
            "value": 2.485137462615967,
            "min": 2.2661287784576416,
            "max": 3.537233352661133,
            "count": 30
        },
        "BadmintionAgent.Policy.Entropy.sum": {
            "value": 124356.2734375,
            "min": 5433.1904296875,
            "max": 177448.71875,
            "count": 30
        },
        "BadmintionAgent.Step.mean": {
            "value": 1599892.0,
            "min": 149995.0,
            "max": 1599892.0,
            "count": 30
        },
        "BadmintionAgent.Step.sum": {
            "value": 1599892.0,
            "min": 149995.0,
            "max": 1599892.0,
            "count": 30
        },
        "BadmintionAgent.Policy.ExtrinsicValueEstimate.mean": {
            "value": -32.70962905883789,
            "min": -37.02394104003906,
            "max": -24.858474731445312,
            "count": 30
        },
        "BadmintionAgent.Policy.ExtrinsicValueEstimate.sum": {
            "value": -13051.142578125,
            "min": -14846.6005859375,
            "max": -149.15084838867188,
            "count": 30
        },
        "BadmintionAgent.IsTraining.mean": {
            "value": 1.0,
            "min": 1.0,
            "max": 1.0,
            "count": 30
        },
        "BadmintionAgent.IsTraining.sum": {
            "value": 1.0,
            "min": 1.0,
            "max": 1.0,
            "count": 30
        },
        "BadmintionAgent.Environment.EpisodeLength.mean": {
            "value": 999.0,
            "min": 962.88,
            "max": 999.0,
            "count": 29
        },
        "BadmintionAgent.Environment.EpisodeLength.sum": {
            "value": 48951.0,
            "min": 47343.0,
            "max": 54945.0,
            "count": 29
        },
        "BadmintionAgent.Environment.CumulativeReward.mean": {
            "value": -167.08850292283662,
            "min": -314.5743817138672,
            "max": -166.00377112743902,
            "count": 29
        },
        "BadmintionAgent.Environment.CumulativeReward.sum": {
            "value": -8187.336643218994,
            "min": -15728.71908569336,
            "max": -8164.59801864624,
            "count": 29
        },
        "BadmintionAgent.Policy.ExtrinsicReward.mean": {
            "value": -167.08850292283662,
            "min": -314.5743817138672,
            "max": -166.00377112743902,
            "count": 29
        },
        "BadmintionAgent.Policy.ExtrinsicReward.sum": {
            "value": -8187.336643218994,
            "min": -15728.71908569336,
            "max": -8164.59801864624,
            "count": 29
        },
        "BadmintionAgent.Losses.PolicyLoss.mean": {
            "value": 0.015323937414602066,
            "min": 0.014157591327481593,
            "max": 0.019822036552553376,
            "count": 29
        },
        "BadmintionAgent.Losses.PolicyLoss.sum": {
            "value": 0.03064787482920413,
            "min": 0.028315182654963186,
            "max": 0.05946610965766013,
            "count": 29
        },
        "BadmintionAgent.Losses.ValueLoss.mean": {
            "value": 0.00638246798577408,
            "min": 0.00638246798577408,
            "max": 7.493330796559652,
            "count": 29
        },
        "BadmintionAgent.Losses.ValueLoss.sum": {
            "value": 0.01276493597154816,
            "min": 0.01276493597154816,
            "max": 14.986661593119305,
            "count": 29
        },
        "BadmintionAgent.Policy.LearningRate.mean": {
            "value": 0.0002421299631480161,
            "min": 0.0002421299631480161,
            "max": 0.00024909583536166603,
            "count": 29
        },
        "BadmintionAgent.Policy.LearningRate.sum": {
            "value": 0.0004842599262960322,
            "min": 0.0004842599262960322,
            "max": 0.0007458728066508779,
            "count": 29
        },
        "BadmintionAgent.Policy.Epsilon.mean": {
            "value": 0.19685198399999998,
            "min": 0.19685198399999998,
            "max": 0.19963833399999997,
            "count": 29
        },
        "BadmintionAgent.Policy.Epsilon.sum": {
            "value": 0.39370396799999996,
            "min": 0.39370396799999996,
            "max": 0.5983491220000001,
            "count": 29
        },
        "BadmintionAgent.Policy.Beta.mean": {
            "value": 0.0048429140016,
            "min": 0.0048429140016,
            "max": 0.0049819528666000005,
            "count": 29
        },
        "BadmintionAgent.Policy.Beta.sum": {
            "value": 0.0096858280032,
            "min": 0.0096858280032,
            "max": 0.0149176211878,
            "count": 29
        }
    },
    "metadata": {
        "timer_format_version": "0.1.0",
        "start_time_seconds": "1759205129",
        "python_version": "3.10.12 | packaged by Anaconda, Inc. | (main, Jul  5 2023, 19:01:18) [MSC v.1916 64 bit (AMD64)]",
        "command_line_arguments": "C:\\Users\\65871\\Downloads\\FYP SHit\\anaconda\\envs\\mlagents\\Scripts\\mlagents-learn Config\\BadmintionTrainer_Config.yaml --run-id=bdm1 --resume",
        "mlagents_version": "1.1.0",
        "mlagents_envs_version": "1.1.0",
        "communication_protocol_version": "1.5.0",
        "pytorch_version": "2.2.2+cu121",
        "numpy_version": "1.23.5",
        "end_time_seconds": "1759214899"
    },
    "total": 9770.104308099952,
    "count": 1,
    "self": 0.019951399881392717,
    "children": {
        "run_training.setup": {
            "total": 0.142132299952209,
            "count": 1,
            "self": 0.142132299952209
        },
        "TrainerController.start_learning": {
            "total": 9769.942224400118,
            "count": 1,
            "self": 9.101783391088247,
            "children": {
                "TrainerController._reset_env": {
                    "total": 8.173632899997756,
                    "count": 1,
                    "self": 8.173632899997756
                },
                "TrainerController.advance": {
                    "total": 9752.229574109195,
                    "count": 122389,
                    "self": 9.382150252116844,
                    "children": {
                        "env_step": {
                            "total": 7698.104772313964,
                            "count": 122389,
                            "self": 5194.246981001925,
                            "children": {
                                "SubprocessEnvManager._take_step": {
                                    "total": 2498.3523271889426,
                                    "count": 122389,
                                    "self": 42.45460211415775,
                                    "children": {
                                        "TorchPolicy.evaluate": {
                                            "total": 2455.897725074785,
                                            "count": 121608,
                                            "self": 2455.897725074785
                                        }
                                    }
                                },
                                "workers": {
                                    "total": 5.505464123096317,
                                    "count": 122388,
                                    "self": 0.0,
                                    "children": {
                                        "worker_root": {
                                            "total": 9699.810913878959,
                                            "count": 122388,
                                            "is_parallel": true,
                                            "self": 5136.516535764327,
                                            "children": {
                                                "steps_from_proto": {
                                                    "total": 0.0004773000255227089,