{
    "name": "root",
    "gauges": {
        "BadmintionAgent.Policy.Entropy.mean": {
            "value": 2.8818459510803223,
            "min": 2.8818459510803223,
            "max": 2.913548469543457,
            "count": 3
        },
        "BadmintionAgent.Policy.Entropy.sum": {
            "value": 143965.5,
            "min": 56184.8671875,
            "max": 144793.8125,
            "count": 3
        },
        "BadmintionAgent.Step.mean": {
            "value": 149970.0,
            "min": 49941.0,
            "max": 149970.0,
            "count": 3
        },
        "BadmintionAgent.Step.sum": {
            "value": 149970.0,
            "min": 49941.0,
            "max": 149970.0,
            "count": 3
        },
        "BadmintionAgent.Policy.ExtrinsicValueEstimate.mean": {
            "value": -16.623376846313477,
            "min": -16.623376846313477,
            "max": -10.780805587768555,
            "count": 3
        },
        "BadmintionAgent.Policy.ExtrinsicValueEstimate.sum": {
            "value": -14811.4287109375,
            "min": -14811.4287109375,
            "max": -3600.7890625,
            "count": 3
        },
        "BadmintionAgent.Environment.EpisodeLength.mean": {
            "value": 179.09782608695653,
            "min": 179.09782608695653,
            "max": 181.0204081632653,
            "count": 3
        },
        "BadmintionAgent.Environment.EpisodeLength.sum": {
            "value": 49431.0,
            "min": 17740.0,
            "max": 50171.0,
            "count": 3
        },
        "BadmintionAgent.Environment.CumulativeReward.mean": {
            "value": -50.12351607729047,
            "min": -68.4909807008178,
            "max": -50.12351607729047,
            "count": 3
        },
        "BadmintionAgent.Environment.CumulativeReward.sum": {
            "value": -13834.090437332168,
            "min": -17176.41657503415,
            "max": -6712.116108680144,
            "count": 3
        },
        "BadmintionAgent.Policy.ExtrinsicReward.mean": {
            "value": -50.12351607729047,
            "min": -68.4909807008178,
            "max": -50.12351607729047,
            "count": 3
        },
        "BadmintionAgent.Policy.ExtrinsicReward.sum": {
            "value": -13834.090437332168,
            "min": -17176.41657503415,
            "max": -6712.116108680144,
            "count": 3
        },
        "BadmintionAgent.Losses.PolicyLoss.mean": {
            "value": 0.022959608407691123,
            "min": 0.022959608407691123,
            "max": 0.02845565229654312,
            "count": 3
        },
        "BadmintionAgent.Losses.PolicyLoss.sum": {
            "value": 0.11479804203845562,
            "min": 0.02845565229654312,
            "max": 0.11502907451552648,
            "count": 3
        },
        "BadmintionAgent.Losses.ValueLoss.mean": {
            "value": 30.383927116394045,
            "min": 17.791371949513753,
            "max": 30.383927116394045,
            "count": 3
        },
        "BadmintionAgent.Losses.ValueLoss.sum": {
            "value": 151.91963558197023,
            "min": 17.791371949513753,
            "max": 151.91963558197023,
            "count": 3
        },
        "BadmintionAgent.Policy.LearningRate.mean": {
            "value": 0.00029925823704725433,
            "min": 0.00029925823704725433,
            "max": 0.00029975179808273397,
            "count": 3
        },
        "BadmintionAgent.Policy.LearningRate.sum": {
            "value": 0.0014962911852362717,
            "min": 0.00029975179808273397,
            "max": 0.0014978337067220978,
            "count": 3
        },
        "BadmintionAgent.Policy.Epsilon.mean": {
            "value": 0.19975274560000003,
            "min": 0.19975274560000003,
            "max": 0.19991726599999998,
            "count": 3
        },
        "BadmintionAgent.Policy.Epsilon.sum": {
            "value": 0.9987637280000001,
            "min": 0.19991726599999998,
            "max": 0.9992779020000002,
            "count": 3
        },
        "BadmintionAgent.Policy.Beta.mean": {
            "value": 0.00498766200544,
            "min": 0.00498766200544,
            "max": 0.004995871573400002,
            "count": 3
        },
        "BadmintionAgent.Policy.Beta.sum": {
            "value": 0.0249383100272,
            "min": 0.004995871573400002,
            "max": 0.0249639673098,
            "count": 3
        },
        "BadmintionAgent.IsTraining.mean": {
            "value": 1.0,
            "min": 1.0,
            "max": 1.0,
            "count": 3
        },
        "BadmintionAgent.IsTraining.sum": {
            "value": 1.0,
            "min": 1.0,
            "max": 1.0,
            "count": 3
        }
    },
    "metadata": {
        "timer_format_version": "0.1.0",
        "start_time_seconds": "1757320712",
        "python_version": "3.10.12 | packaged by Anaconda, Inc. | (main, Jul  5 2023, 19:01:18) [MSC v.1916 64 bit (AMD64)]",
        "command_line_arguments": "C:\\Users\\65871\\Downloads\\FYP SHit\\anaconda\\envs\\mlagents\\Scripts\\mlagents-learn Config/BadmintionTrainer_Config.yaml --run-id=bdm1 --resume",
        "mlagents_version": "1.1.0",
        "mlagents_envs_version": "1.1.0",
        "communication_protocol_version": "1.5.0",
        "pytorch_version": "2.2.2+cu121",
        "numpy_version": "1.23.5",
        "end_time_seconds": "1757322851"
    },
    "total": 2139.4033995000063,
    "count": 1,
    "self": 0.019507999997586012,
    "children": {
        "run_training.setup": {
            "total": 0.12811240000883117,
            "count": 1,
            "self": 0.12811240000883117
        },
        "TrainerController.start_learning": {
            "total": 2139.2557791,
            "count": 1,
            "self": 1.2101711965515278,
            "children": {
                "TrainerController._reset_env": {
                    "total": 14.67593880003551,
                    "count": 1,
                    "self": 14.67593880003551
                },
                "TrainerController.advance": {
                    "total": 2122.676226303389,
                    "count": 13179,
                    "self": 1.1965485023101792,
                    "children": {
                        "env_step": {
                            "total": 1929.153968900675,
                            "count": 13179,
                            "self": 1670.184687597677,
                            "children": {
                                "SubprocessEnvManager._take_step": {
                                    "total": 258.29214750102255,
                                    "count": 13180,
                                    "self": 5.075528702058364,
                                    "children": {
                                        "TorchPolicy.evaluate": {
                                            "total": 253.2166187989642,
                                            "count": 12477,
                                            "self": 253.2166187989642
                                        }
                                    }
                                },
                                "workers": {
                                    "total": 0.6771338019752875,
                                    "count": 13178,
                                    "self": 0.0,
                                    "children": {
                                        "worker_root": {
                                            "total": 2034.8937456015265,
                                            "count": 13178,
                                            "is_parallel": true,
                                            "self": 525.3499686038122,
                                            "children": {
                                                "steps_from_proto": {
                                                    "total": 0.0011074999929405749,