{
    "name": "root",
    "gauges": {
        "BadmintionAgent.Policy.Entropy.mean": {
            "value": 3.076413631439209,
            "min": 3.076413631439209,
            "max": 3.3669240474700928,
            "count": 4
        },
        "BadmintionAgent.Policy.Entropy.sum": {
            "value": 153611.484375,
            "min": 4090.812744140625,
            "max": 165987.78125,
            "count": 4
        },
        "BadmintionAgent.Environment.EpisodeLength.mean": {
            "value": 36.207869339272456,
            "min": 36.207869339272456,
            "max": 40.80301760268232,
            "count": 4
        },
        "BadmintionAgent.Environment.EpisodeLength.sum": {
            "value": 48772.0,
            "min": 898.0,
            "max": 48772.0,
            "count": 4
        },
        "BadmintionAgent.Step.mean": {
            "value": 299990.0,
            "min": 149994.0,
            "max": 299990.0,
            "count": 4
        },
        "BadmintionAgent.Step.sum": {
            "value": 299990.0,
            "min": 149994.0,
            "max": 299990.0,
            "count": 4
        },
        "BadmintionAgent.Policy.ExtrinsicValueEstimate.mean": {
            "value": 0.4325033128261566,
            "min": 0.0049314904026687145,
            "max": 0.5669103860855103,
            "count": 4
        },
        "BadmintionAgent.Policy.ExtrinsicValueEstimate.sum": {
            "value": 598.5845947265625,
            "min": 6.37641716003418,
            "max": 598.5845947265625,
            "count": 4
        },
        "BadmintionAgent.Environment.CumulativeReward.mean": {
            "value": 2.02654042523617,
            "min": 0.43212658841372137,
            "max": 2.02654042523617,
            "count": 4
        },
        "BadmintionAgent.Environment.CumulativeReward.sum": {
            "value": 2729.7499527931213,
            "min": 30.01199960708618,
            "max": 2729.7499527931213,
            "count": 4
        },
        "BadmintionAgent.Policy.ExtrinsicReward.mean": {
            "value": 2.02654042523617,
            "min": 0.43212658841372137,
            "max": 2.02654042523617,
            "count": 4
        },
        "BadmintionAgent.Policy.ExtrinsicReward.sum": {
            "value": 2729.7499527931213,
            "min": 30.01199960708618,
            "max": 2729.7499527931213,
            "count": 4
        },
        "BadmintionAgent.IsTraining.mean": {
            "value": 1.0,
            "min": 1.0,
            "max": 1.0,
            "count": 4
        },
        "BadmintionAgent.IsTraining.sum": {
            "value": 1.0,
            "min": 1.0,
            "max": 1.0,
            "count": 4
        },
        "BadmintionAgent.Losses.PolicyLoss.mean": {
            "value": 0.015678009199392464,
            "min": 0.013795988801090668,
            "max": 0.016562700376380236,
            "count": 3
        },
        "BadmintionAgent.Losses.PolicyLoss.sum": {
            "value": 0.04703402759817739,
            "min": 0.027591977602181336,
            "max": 0.04703402759817739,
            "count": 3
        },
        "BadmintionAgent.Losses.ValueLoss.mean": {
            "value": 2.561081616083781,
            "min": 2.561081616083781,
            "max": 3.2060659845670063,
            "count": 3
        },
        "BadmintionAgent.Losses.ValueLoss.sum": {
            "value": 7.683244848251343,
            "min": 5.922650933265686,
            "max": 7.683244848251343,
            "count": 3
        },
        "BadmintionAgent.Policy.LearningRate.mean": {
            "value": 0.00024864008554396607,
            "min": 0.00024864008554396607,
            "max": 0.0002491013303594681,
            "count": 3
        },
        "BadmintionAgent.Policy.LearningRate.sum": {
            "value": 0.0007459202566318982,
            "min": 0.000497792690882924,
            "max": 0.0007459202566318982,
            "count": 3
        },
        "BadmintionAgent.Policy.Epsilon.mean": {
            "value": 0.199456034,
            "min": 0.199456034,
            "max": 0.19964053200000004,
            "count": 3
        },
        "BadmintionAgent.Policy.Epsilon.sum": {
            "value": 0.598368102,
            "min": 0.3991170760000001,
            "max": 0.598368102,
            "count": 3
        },
        "BadmintionAgent.Policy.Beta.mean": {
            "value": 0.0049728560966,
            "min": 0.0049728560966,
            "max": 0.004982062546800002,
            "count": 3
        },
        "BadmintionAgent.Policy.Beta.sum": {
            "value": 0.0149185682898,
            "min": 0.0099559420924,
            "max": 0.0149185682898,
            "count": 3
        }
    },
    "metadata": {
        "timer_format_version": "0.1.0",
        "start_time_seconds": "1759400827",
        "python_version": "3.10.12 | packaged by Anaconda, Inc. | (main, Jul  5 2023, 19:01:18) [MSC v.1916 64 bit (AMD64)]",
        "command_line_arguments": "C:\\Users\\65871\\Downloads\\FYP SHit\\anaconda\\envs\\mlagents\\Scripts\\mlagents-learn Config\\BadmintionTrainer_Config.yaml --run-id=bdm1 --resume",
        "mlagents_version": "1.1.0",
        "mlagents_envs_version": "1.1.0",
        "communication_protocol_version": "1.5.0",
        "pytorch_version": "2.2.2+cu121",
        "numpy_version": "1.23.5",
        "end_time_seconds": "1759402591"
    },
    "total": 1763.81628860021,
    "count": 1,
    "self": 0.01878910046070814,
    "children": {
        "run_training.setup": {
            "total": 0.1946142998058349,
            "count": 1,
            "self": 0.1946142998058349
        },
        "TrainerController.start_learning": {
            "total": 1763.6028851999436,
            "count": 1,
            "self": 1.4136683938559145,
            "children": {
                "TrainerController._reset_env": {
                    "total": 13.394048300106078,
                    "count": 1,
                    "self": 13.394048300106078
                },
                "TrainerController.advance": {
                    "total": 1748.0208982059266,
                    "count": 18298,
                    "self": 1.3994569072965533,
                    "children": {
                        "env_step": {
                            "total": 1521.5861861992162,
                            "count": 18298,
                            "self": 1189.1548858205788,
                            "children": {
                                "SubprocessEnvManager._take_step": {
                                    "total": 331.6118167920504,
                                    "count": 18298,
                                    "self": 4.526411987375468,
                                    "children": {
                                        "TorchPolicy.evaluate": {
                                            "total": 327.0854048046749,
                                            "count": 17003,
                                            "self": 327.0854048046749
                                        }
                                    }
                                },
                                "workers": {
                                    "total": 0.8194835865870118,
                                    "count": 18297,
                                    "self": 0.0,
                                    "children": {
                                        "worker_root": {
                                            "total": 1705.9703077794984,
                                            "count": 18297,
                                            "is_parallel": true,
                                            "self": 640.1213318735827,
                                            "children": {
                                                "steps_from_proto": {
                                                    "total": 0.0008870000019669533,