{
    "name": "root",
    "gauges": {
        "BadmintionAgent.Policy.Entropy.mean": {
            "value": 1.743138074874878,
            "min": 1.743138074874878,
            "max": 2.3478119373321533,
            "count": 10
        },
        "BadmintionAgent.Policy.Entropy.sum": {
            "value": 86829.1953125,
            "min": 3606.239013671875,
            "max": 115551.453125,
            "count": 10
        },
        "BadmintionAgent.Step.mean": {
            "value": 949902.0,
            "min": 499936.0,
            "max": 949902.0,
            "count": 10
        },
        "BadmintionAgent.Step.sum": {
            "value": 949902.0,
            "min": 499936.0,
            "max": 949902.0,
            "count": 10
        },
        "BadmintionAgent.Policy.ExtrinsicValueEstimate.mean": {
            "value": 15.096283912658691,
            "min": 3.6259336471557617,
            "max": 15.096283912658691,
            "count": 10
        },
        "BadmintionAgent.Policy.ExtrinsicValueEstimate.sum": {
            "value": 6506.49853515625,
            "min": 28.27625274658203,
            "max": 6506.49853515625,
            "count": 10
        },
        "BadmintionAgent.IsTraining.mean": {
            "value": 1.0,
            "min": 1.0,
            "max": 1.0,
            "count": 10
        },
        "BadmintionAgent.IsTraining.sum": {
            "value": 1.0,
            "min": 1.0,
            "max": 1.0,
            "count": 10
        },
        "BadmintionAgent.Environment.EpisodeLength.mean": {
            "value": 581.4404761904761,
            "min": 416.0854700854701,
            "max": 619.65,
            "count": 9
        },
        "BadmintionAgent.Environment.EpisodeLength.sum": {
            "value": 48841.0,
            "min": 48682.0,
            "max": 51024.0,
            "count": 9
        },
        "BadmintionAgent.Environment.CumulativeReward.mean": {
            "value": 77.84900968131565,
            "min": 28.360305579809044,
            "max": 77.84900968131565,
            "count": 9
        },
        "BadmintionAgent.Environment.CumulativeReward.sum": {
            "value": 6539.3168132305145,
            "min": 3318.155752837658,
            "max": 6764.90780210495,
            "count": 9
        },
        "BadmintionAgent.Policy.ExtrinsicReward.mean": {
            "value": 77.84900968131565,
            "min": 28.360305579809044,
            "max": 77.84900968131565,
            "count": 9
        },
        "BadmintionAgent.Policy.ExtrinsicReward.sum": {
            "value": 6539.3168132305145,
            "min": 3318.155752837658,
            "max": 6764.90780210495,
            "count": 9
        },
        "BadmintionAgent.Losses.PolicyLoss.mean": {
            "value": 0.01610287540825084,
            "min": 0.010786383696055661,
            "max": 0.02171415383927524,
            "count": 9
        },
        "BadmintionAgent.Losses.PolicyLoss.sum": {
            "value": 0.03220575081650168,
            "min": 0.021572767392111322,
            "max": 0.060573273641057315,
            "count": 9
        },
        "BadmintionAgent.Losses.ValueLoss.mean": {
            "value": 1.2730425119400026,
            "min": 1.2730425119400026,
            "max": 2.3099795281887054,
            "count": 9
        },
        "BadmintionAgent.Losses.ValueLoss.sum": {
            "value": 2.5460850238800052,
            "min": 2.5460850238800052,
            "max": 5.508043110370636,
            "count": 9
        },
        "BadmintionAgent.Policy.LearningRate.mean": {
            "value": 0.00024539849684060205,
            "min": 0.00024539849684060205,
            "max": 0.00024735052855978895,
            "count": 9
        },
        "BadmintionAgent.Policy.LearningRate.sum": {
            "value": 0.0004907969936812041,
            "min": 0.0004907969936812041,
            "max": 0.0007406666687333342,
            "count": 9
        },
        "BadmintionAgent.Policy.Epsilon.mean": {
            "value": 0.19815939800000004,
            "min": 0.19815939800000004,
            "max": 0.19894021099999992,
            "count": 9
        },
        "BadmintionAgent.Policy.Epsilon.sum": {
            "value": 0.3963187960000001,
            "min": 0.3963187960000001,
            "max": 0.596266666,
            "count": 9
        },
        "BadmintionAgent.Policy.Beta.mean": {
            "value": 0.004908153960200001,
            "min": 0.004908153960200001,
            "max": 0.004947116528900002,
            "count": 9
        },
        "BadmintionAgent.Policy.Beta.sum": {
            "value": 0.009816307920400003,
            "min": 0.009816307920400003,
            "max": 0.014813706633399999,
            "count": 9
        }
    },
    "metadata": {
        "timer_format_version": "0.1.0",
        "start_time_seconds": "1758270259",
        "python_version": "3.10.12 | packaged by Anaconda, Inc. | (main, Jul  5 2023, 19:01:18) [MSC v.1916 64 bit (AMD64)]",
        "command_line_arguments": "C:\\Users\\65871\\Downloads\\FYP SHit\\anaconda\\envs\\mlagents\\Scripts\\mlagents-learn Config/BadmintionTrainer_Config.yaml --run-id=bdm1 --resume",
        "mlagents_version": "1.1.0",
        "mlagents_envs_version": "1.1.0",
        "communication_protocol_version": "1.5.0",
        "pytorch_version": "2.2.2+cu121",
        "numpy_version": "1.23.5",
        "end_time_seconds": "1758272961"
    },
    "total": 2702.497794599971,
    "count": 1,
    "self": 0.020984500064514577,
    "children": {
        "run_training.setup": {
            "total": 0.1295529999770224,
            "count": 1,
            "self": 0.1295529999770224
        },
        "TrainerController.start_learning": {
            "total": 2702.3472570999293,
            "count": 1,
            "self": 2.785823100246489,
            "children": {
                "TrainerController._reset_env": {
                    "total": 21.897225399967283,
                    "count": 1,
                    "self": 21.897225399967283
                },
                "TrainerController.advance": {
                    "total": 2677.2938982996857,
                    "count": 38814,
                    "self": 2.837291794246994,
                    "children": {
                        "env_step": {
                            "total": 2103.91373701219,
                            "count": 38814,
                            "self": 1343.5200754207326,
                            "children": {
                                "SubprocessEnvManager._take_step": {
                                    "total": 758.658255693852,
                                    "count": 38814,
                                    "self": 12.455741898156703,
                                    "children": {
                                        "TorchPolicy.evaluate": {
                                            "total": 746.2025137956953,
                                            "count": 38167,
                                            "self": 746.2025137956953
                                        }
                                    }
                                },
                                "workers": {
                                    "total": 1.735405897605233,
                                    "count": 38813,
                                    "self": 0.0,
                                    "children": {
                                        "worker_root": {
                                            "total": 2621.026212401921,
                                            "count": 38813,
                                            "is_parallel": true,
                                            "self": 1513.755189604126,
                                            "children": {
                                                "steps_from_proto": {
                                                    "total": 0.00046410004142671824,