{
    "name": "root",
    "metadata": {
        "timer_format_version": "0.1.0",
        "start_time_seconds": "1758100496",
        "python_version": "3.10.12 | packaged by Anaconda, Inc. | (main, Jul  5 2023, 19:01:18) [MSC v.1916 64 bit (AMD64)]",
        "command_line_arguments": "C:\\Users\\65871\\Downloads\\FYP SHit\\anaconda\\envs\\mlagents\\Scripts\\mlagents-learn Config/BadmintionTrainer_Config.yaml --run-id=bdm1 --force",
        "mlagents_version": "1.1.0",
        "mlagents_envs_version": "1.1.0",
        "communication_protocol_version": "1.5.0",
        "pytorch_version": "2.2.2+cu121",
        "numpy_version": "1.23.5",
        "end_time_seconds": "1758100617"
    },
    "total": 121.37117209995631,
    "count": 1,
    "self": 0.0358005000744015,
    "children": {
        "run_training.setup": {
            "total": 0.09740689990576357,
            "count": 1,
            "self": 0.09740689990576357
        },
        "TrainerController.start_learning": {
            "total": 121.23796469997615,
            "count": 1,
            "self": 0.030598200508393347,
            "children": {
                "TrainerController._reset_env": {
                    "total": 13.661236400017515,
                    "count": 1,
                    "self": 13.661236400017515
                },
                "TrainerController.advance": {
                    "total": 106.82385729940142,
                    "count": 339,
                    "self": 0.03344040038064122,
                    "children": {
                        "env_step": {
                            "total": 105.04205670033116,
                            "count": 339,
                            "self": 96.78919740067795,
                            "children": {
                                "SubprocessEnvManager._take_step": {
                                    "total": 8.234441100736149,
                                    "count": 339,
                                    "self": 0.11602870177011937,
                                    "children": {
                                        "TorchPolicy.evaluate": {
                                            "total": 8.11841239896603,
                                            "count": 328,
                                            "self": 8.11841239896603
                                        }
                                    }
                                },
                                "workers": {
                                    "total": 0.01841819891706109,
                                    "count": 338,
                                    "self": 0.0,
                                    "children": {
                                        "worker_root": {
                                            "total": 44.383390500443056,
                                            "count": 338,
                                            "is_parallel": true,
                                            "self": 17.350458100321703,
                                            "children": {
                                                "steps_from_proto": {
                                                    "total": 0.0006935000419616699,
                                                    "count": 1,
                                                    "is_parallel": true,
                                                    "self": 0.00033730012364685535,
                                                    "children": {
                                                        "_process_rank_one_or_two_observation": {
                                                            "total": 0.00035619991831481457,
                                                            "count": 2,
                                                            "is_parallel": true,
                                                            "self": 0.00035619991831481457
                                                        }
                                                    }
                                                },
                                                "UnityEnvironment.step": {
                                                    "total": 27.032238900079392,
                                                    "count": 338,
                                                    "is_parallel": true,
                                                    "self": 0.05843620118685067,
                                                    "children": {
                                                        "UnityEnvironment._generate_step_input": {
                                                            "total": 0.09292979980818927,
                                                            "count": 338,
                                                            "is_parallel": true,
                                                            "self": 0.09292979980818927
                                                        },
                                                        "communicator.exchange": {
                                                            "total": 26.73758589976933,
                                                            "count": 338,
                                                            "is_parallel": true,
                                                            "self": 26.73758589976933
                                                        },
                                                        "steps_from_proto": {
                                                            "total": 0.14328699931502342,
                                                            "count": 338,
                                                            "is_parallel": true,
                                                            "self": 0.06955620006192476,
                                                            "children": {
                                                                "_process_rank_one_or_two_observation": {
                                                                    "total": 0.07373079925309867,
                                                                    "count": 676,
                                                                    "is_parallel": true,
                                                                    "self": 0.07373079925309867
                                                                }
                                                            }
                                                        }
                                                    }
                                                }
                                            }
                                        }
                                    }
                                }
                            }
                        },
                        "trainer_advance": {
                            "total": 1.7483601986896247,
                            "count": 338,
                            "self": 0.03672069765161723,
                            "children": {
                                "process_trajectory": {
                                    "total": 1.7116395010380074,
                                    "count": 338,
                                    "self": 1.7116395010380074
                                }
                            }
                        }
                    }
                },
                "TrainerController._save_models": {
                    "total": 0.7222728000488132,
                    "count": 1,
                    "self": 0.05936900002416223,
                    "children": {
                        "RLTrainer._checkpoint": {
                            "total": 0.662903800024651,
                            "count": 1,