{
    "name": "root",
    "gauges": {
        "BadmintionAgent.Policy.Entropy.mean": {
            "value": 2.396726369857788,
            "min": 2.396726369857788,
            "max": 2.8592491149902344,
            "count": 5
        },
        "BadmintionAgent.Policy.Entropy.sum": {
            "value": 119989.703125,
            "min": 119989.703125,
            "max": 144037.53125,
            "count": 5
        },
        "BadmintionAgent.Step.mean": {
            "value": 249999.0,
            "min": 49950.0,
            "max": 249999.0,
            "count": 5
        },
        "BadmintionAgent.Step.sum": {
            "value": 249999.0,
            "min": 49950.0,
            "max": 249999.0,
            "count": 5
        },
        "BadmintionAgent.Policy.ExtrinsicValueEstimate.mean": {
            "value": -7.1483941078186035,
            "min": -7.8240485191345215,
            "max": -3.5468270778656006,
            "count": 5
        },
        "BadmintionAgent.Policy.ExtrinsicValueEstimate.sum": {
            "value": -6469.296875,
            "min": -7221.5966796875,
            "max": -3312.736572265625,
            "count": 5
        },
        "BadmintionAgent.Environment.EpisodeLength.mean": {
            "value": 201.6951219512195,
            "min": 166.36949152542374,
            "max": 201.6951219512195,
            "count": 5
        },
        "BadmintionAgent.Environment.EpisodeLength.sum": {
            "value": 49617.0,
            "min": 49079.0,
            "max": 49862.0,
            "count": 5
        },
        "BadmintionAgent.Environment.CumulativeReward.mean": {
            "value": -24.009741459980727,
            "min": -30.915126974501852,
            "max": -24.009741459980727,
            "count": 5
        },
        "BadmintionAgent.Environment.CumulativeReward.sum": {
            "value": -5906.396399155259,
            "min": -9119.962457478046,
            "max": -5906.396399155259,
            "count": 5
        },
        "BadmintionAgent.Policy.ExtrinsicReward.mean": {
            "value": -24.009741459980727,
            "min": -30.915126974501852,
            "max": -24.009741459980727,
            "count": 5
        },
        "BadmintionAgent.Policy.ExtrinsicReward.sum": {
            "value": -5906.396399155259,
            "min": -9119.962457478046,
            "max": -5906.396399155259,
            "count": 5
        },
        "BadmintionAgent.Losses.PolicyLoss.mean": {
            "value": 0.02378433521371335,
            "min": 0.02085461875423789,
            "max": 0.02378433521371335,
            "count": 5
        },
        "BadmintionAgent.Losses.PolicyLoss.sum": {
            "value": 0.11892167606856674,
            "min": 0.0916533550557991,
            "max": 0.11892167606856674,
            "count": 5
        },
        "BadmintionAgent.Losses.ValueLoss.mean": {
            "value": 0.6818101944526036,
            "min": 0.4753024003903071,
            "max": 2.22469945649306,
            "count": 5
        },
        "BadmintionAgent.Losses.ValueLoss.sum": {
            "value": 3.4090509722630182,
            "min": 2.3765120019515353,
            "max": 8.89879782597224,
            "count": 5
        },
        "BadmintionAgent.Policy.LearningRate.mean": {
            "value": 0.00029864375805208076,
            "min": 0.00029864375805208076,
            "max": 0.00029984521955159357,
            "count": 5
        },
        "BadmintionAgent.Policy.LearningRate.sum": {
            "value": 0.0014932187902604037,
            "min": 0.0011993808782063743,
            "max": 0.001497839154720282,
            "count": 5
        },
        "BadmintionAgent.Policy.Epsilon.mean": {
            "value": 0.19954791919999998,
            "min": 0.19954791919999998,
            "max": 0.19994840650000004,
            "count": 5
        },
        "BadmintionAgent.Policy.Epsilon.sum": {
            "value": 0.997739596,
            "min": 0.7997936260000001,
            "max": 0.999279718,
            "count": 5
        },
        "BadmintionAgent.Policy.Beta.mean": {
            "value": 0.00497744116808,
            "min": 0.00497744116808,
            "max": 0.00499742548435,
            "count": 5
        },
        "BadmintionAgent.Policy.Beta.sum": {
            "value": 0.024887205840400002,
            "min": 0.0199897019374,
            "max": 0.024964057928199994,
            "count": 5
        },
        "BadmintionAgent.IsTraining.mean": {
            "value": 1.0,
            "min": 1.0,
            "max": 1.0,
            "count": 5
        },
        "BadmintionAgent.IsTraining.sum": {
            "value": 1.0,
            "min": 1.0,
            "max": 1.0,
            "count": 5
        }
    },
    "metadata": {
        "timer_format_version": "0.1.0",
        "start_time_seconds": "1758186595",
        "python_version": "3.10.12 | packaged by Anaconda, Inc. | (main, Jul  5 2023, 19:01:18) [MSC v.1916 64 bit (AMD64)]",
        "command_line_arguments": "C:\\Users\\65871\\Downloads\\FYP SHit\\anaconda\\envs\\mlagents\\Scripts\\mlagents-learn Config/BadmintionTrainer_Config.yaml --run-id=bdm1 --force",
        "mlagents_version": "1.1.0",
        "mlagents_envs_version": "1.1.0",
        "communication_protocol_version": "1.5.0",
        "pytorch_version": "2.2.2+cu121",
        "numpy_version": "1.23.5",
        "end_time_seconds": "1758188154"
    },
    "total": 1559.0169005999342,
    "count": 1,
    "self": 0.019441999844275415,
    "children": {
        "run_training.setup": {
            "total": 0.119359300006181,
            "count": 1,
            "self": 0.119359300006181
        },
        "TrainerController.start_learning": {
            "total": 1558.8780993000837,
            "count": 1,
            "self": 1.7943792939186096,
            "children": {
                "TrainerController._reset_env": {
                    "total": 14.954281499958597,
                    "count": 1,
                    "self": 14.954281499958597
                },
                "TrainerController.advance": {
                    "total": 1541.6256968061207,
                    "count": 24565,
                    "self": 1.8605512933572754,
                    "children": {
                        "env_step": {
                            "total": 1168.6564001170918,
                            "count": 24565,
                            "self": 721.6826737038791,
                            "children": {
                                "SubprocessEnvManager._take_step": {
                                    "total": 445.9468899091007,
                                    "count": 24565,
                                    "self": 7.66547610622365,
                                    "children": {
                                        "TorchPolicy.evaluate": {
                                            "total": 438.28141380287707,
                                            "count": 23603,
                                            "self": 438.28141380287707
                                        }
                                    }
                                },
                                "workers": {
                                    "total": 1.0268365041119978,
                                    "count": 24564,
                                    "self": 0.0,
                                    "children": {
                                        "worker_root": {
                                            "total": 1487.188857201836,
                                            "count": 24564,
                                            "is_parallel": true,
                                            "self": 936.757559702266,
                                            "children": {
                                                "steps_from_proto": {
                                                    "total": 0.007014499977231026,