{
    "name": "root",
    "gauges": {
        "BadmintionAgent.Policy.Entropy.mean": {
            "value": 2.4186606407165527,
            "min": 2.4186606407165527,
            "max": 2.9016273021698,
            "count": 6
        },
        "BadmintionAgent.Policy.Entropy.sum": {
            "value": 120986.2421875,
            "min": 111013.359375,
            "max": 141390.515625,
            "count": 6
        },
        "BadmintionAgent.Step.mean": {
            "value": 649974.0,
            "min": 399942.0,
            "max": 649974.0,
            "count": 6
        },
        "BadmintionAgent.Step.sum": {
            "value": 649974.0,
            "min": 399942.0,
            "max": 649974.0,
            "count": 6
        },
        "BadmintionAgent.Policy.ExtrinsicValueEstimate.mean": {
            "value": 2.948734760284424,
            "min": -8.171066284179688,
            "max": 2.948734760284424,
            "count": 6
        },
        "BadmintionAgent.Policy.ExtrinsicValueEstimate.sum": {
            "value": 1247.3148193359375,
            "min": -2754.82958984375,
            "max": 1247.3148193359375,
            "count": 6
        },
        "BadmintionAgent.Environment.EpisodeLength.mean": {
            "value": 665.0985915492957,
            "min": 631.8846153846154,
            "max": 721.9591836734694,
            "count": 6
        },
        "BadmintionAgent.Environment.EpisodeLength.sum": {
            "value": 47222.0,
            "min": 35376.0,
            "max": 52400.0,
            "count": 6
        },
        "BadmintionAgent.Environment.CumulativeReward.mean": {
            "value": 61.680008784146374,
            "min": 0.5322519650264662,
            "max": 61.680008784146374,
            "count": 6
        },
        "BadmintionAgent.Environment.CumulativeReward.sum": {
            "value": 4379.280623674393,
            "min": 26.080346286296844,
            "max": 4379.280623674393,
            "count": 6
        },
        "BadmintionAgent.Policy.ExtrinsicReward.mean": {
            "value": 61.680008784146374,
            "min": 0.5322519650264662,
            "max": 61.680008784146374,
            "count": 6
        },
        "BadmintionAgent.Policy.ExtrinsicReward.sum": {
            "value": 4379.280623674393,
            "min": 26.080346286296844,
            "max": 4379.280623674393,
            "count": 6
        },
        "BadmintionAgent.Losses.PolicyLoss.mean": {
            "value": 0.0173758428155755,
            "min": 0.013358895709582916,
            "max": 0.018971742089423867,
            "count": 6
        },
        "BadmintionAgent.Losses.PolicyLoss.sum": {
            "value": 0.034751685631151,
            "min": 0.017339120293036102,
            "max": 0.0569152262682716,
            "count": 6
        },
        "BadmintionAgent.Losses.ValueLoss.mean": {
            "value": 2.7404553651809693,
            "min": 2.2819297313690186,
            "max": 2.990347170829773,
            "count": 6
        },
        "BadmintionAgent.Losses.ValueLoss.sum": {
            "value": 5.480910730361939,
            "min": 2.2819297313690186,
            "max": 8.971041512489318,
            "count": 6
        },
        "BadmintionAgent.Policy.LearningRate.mean": {
            "value": 0.00024690375873849703,
            "min": 0.00024690375873849703,
            "max": 0.00024808541076583594,
            "count": 6
        },
        "BadmintionAgent.Policy.LearningRate.sum": {
            "value": 0.0004938075174769941,
            "min": 0.00024808541076583594,
            "max": 0.0007436395175441941,
            "count": 6
        },
        "BadmintionAgent.Policy.Epsilon.mean": {
            "value": 0.198761503,
            "min": 0.198761503,
            "max": 0.199234164,
            "count": 6
        },
        "BadmintionAgent.Policy.Epsilon.sum": {
            "value": 0.397523006,
            "min": 0.199234164,
            "max": 0.5974558059999999,
            "count": 6
        },
        "BadmintionAgent.Policy.Beta.mean": {
            "value": 0.004938198999700001,
            "min": 0.004938198999700001,
            "max": 0.004961784783599999,
            "count": 6
        },
        "BadmintionAgent.Policy.Beta.sum": {
            "value": 0.009876397999400002,
            "min": 0.004961784783599999,
            "max": 0.0148730447194,
            "count": 6
        },
        "BadmintionAgent.IsTraining.mean": {
            "value": 1.0,
            "min": 1.0,
            "max": 1.0,
            "count": 6
        },
        "BadmintionAgent.IsTraining.sum": {
            "value": 1.0,
            "min": 1.0,
            "max": 1.0,
            "count": 6
        }
    },
    "metadata": {
        "timer_format_version": "0.1.0",
        "start_time_seconds": "1759479879",
        "python_version": "3.10.12 | packaged by Anaconda, Inc. | (main, Jul  5 2023, 19:01:18) [MSC v.1916 64 bit (AMD64)]",
        "command_line_arguments": "C:\\Users\\65871\\Downloads\\FYP SHit\\anaconda\\envs\\mlagents\\Scripts\\mlagents-learn Config\\BadmintionTrainer_Config.yaml --run-id=bdm1 --resume",
        "mlagents_version": "1.1.0",
        "mlagents_envs_version": "1.1.0",
        "communication_protocol_version": "1.5.0",
        "pytorch_version": "2.2.2+cu121",
        "numpy_version": "1.23.5",
        "end_time_seconds": "1759483123"
    },
    "total": 3244.3922019000165,
    "count": 1,
    "self": 0.026492100208997726,
    "children": {
        "run_training.setup": {
            "total": 0.13000619993545115,
            "count": 1,
            "self": 0.13000619993545115
        },
        "TrainerController.start_learning": {
            "total": 3244.235703599872,
            "count": 1,
            "self": 2.3798240195028484,
            "children": {
                "TrainerController._reset_env": {
                    "total": 15.121057300129905,
                    "count": 1,
                    "self": 15.121057300129905
                },
                "TrainerController.advance": {
                    "total": 3226.1160691804253,
                    "count": 32247,
                    "self": 2.5525608754251152,
                    "children": {
                        "env_step": {
                            "total": 2942.325269798748,
                            "count": 32247,
                            "self": 2324.459302992327,
                            "children": {
                                "SubprocessEnvManager._take_step": {
                                    "total": 616.4217494120821,
                                    "count": 32247,
                                    "self": 7.770578479161486,
                                    "children": {
                                        "TorchPolicy.evaluate": {
                                            "total": 608.6511709329206,
                                            "count": 32114,
                                            "self": 608.6511709329206
                                        }
                                    }
                                },
                                "workers": {
                                    "total": 1.4442173943389207,
                                    "count": 32246,
                                    "self": 0.0,
                                    "children": {
                                        "worker_root": {
                                            "total": 3233.0879243002273,
                                            "count": 32246,
                                            "is_parallel": true,
                                            "self": 1048.307467784034,
                                            "children": {
                                                "steps_from_proto": {
                                                    "total": 0.0005417000502347946,