{
    "name": "root",
    "metadata": {
        "timer_format_version": "0.1.0",
        "start_time_seconds": "1757389689",
        "python_version": "3.10.12 | packaged by Anaconda, Inc. | (main, Jul  5 2023, 19:01:18) [MSC v.1916 64 bit (AMD64)]",
        "command_line_arguments": "C:\\Users\\65871\\Downloads\\FYP SHit\\anaconda\\envs\\mlagents\\Scripts\\mlagents-learn Config/BadmintionTrainer_Config.yaml --run-id=bdm1 --force",
        "mlagents_version": "1.1.0",
        "mlagents_envs_version": "1.1.0",
        "communication_protocol_version": "1.5.0",
        "pytorch_version": "2.2.2+cu121",
        "numpy_version": "1.23.5",
        "end_time_seconds": "1757389863"
    },
    "total": 174.52105859998846,
    "count": 1,
    "self": 0.018683599948417395,
    "children": {
        "run_training.setup": {
            "total": 0.24772440001834184,
            "count": 1,
            "self": 0.24772440001834184
        },
        "TrainerController.start_learning": {
            "total": 174.2546506000217,
            "count": 1,
            "self": 0.1280529003124684,
            "children": {
                "TrainerController._reset_env": {
                    "total": 23.152898599975742,
                    "count": 1,
                    "self": 23.152898599975742
                },
                "TrainerController.advance": {
                    "total": 150.51352939970093,
                    "count": 1994,
                    "self": 0.13548250019084662,
                    "children": {
                        "env_step": {
                            "total": 131.19853949989192,
                            "count": 1994,
                            "self": 108.0374776009121,
                            "children": {
                                "SubprocessEnvManager._take_step": {
                                    "total": 23.08984390058322,
                                    "count": 1994,
                                    "self": 0.4235535992193036,
                                    "children": {
                                        "TorchPolicy.evaluate": {
                                            "total": 22.666290301363915,
                                            "count": 1994,
                                            "self": 22.666290301363915
                                        }
                                    }
                                },
                                "workers": {
                                    "total": 0.07121799839660525,
                                    "count": 1993,
                                    "self": 0.0,
                                    "children": {
                                        "worker_root": {
                                            "total": 92.04819650010904,
                                            "count": 1993,
                                            "is_parallel": true,
                                            "self": 56.358755300345365,
                                            "children": {
                                                "steps_from_proto": {
                                                    "total": 0.0011857000063173473,
                                                    "count": 1,
                                                    "is_parallel": true,
                                                    "self": 0.000798500026576221,
                                                    "children": {
                                                        "_process_rank_one_or_two_observation": {
                                                            "total": 0.0003871999797411263,
                                                            "count": 2,
                                                            "is_parallel": true,
                                                            "self": 0.0003871999797411263
                                                        }
                                                    }
                                                },
                                                "UnityEnvironment.step": {
                                                    "total": 35.68825549975736,
                                                    "count": 1993,
                                                    "is_parallel": true,
                                                    "self": 0.25720700179226696,
                                                    "children": {
                                                        "UnityEnvironment._generate_step_input": {
                                                            "total": 0.501527899352368,
                                                            "count": 1993,
                                                            "is_parallel": true,
                                                            "self": 0.501527899352368
                                                        },
                                                        "communicator.exchange": {
                                                            "total": 34.28882889915258,
                                                            "count": 1993,
                                                            "is_parallel": true,
                                                            "self": 34.28882889915258
                                                        },
                                                        "steps_from_proto": {
                                                            "total": 0.6406916994601488,
                                                            "count": 1993,
                                                            "is_parallel": true,
                                                            "self": 0.32355650095269084,
                                                            "children": {
                                                                "_process_rank_one_or_two_observation": {
                                                                    "total": 0.31713519850745797,
                                                                    "count": 3986,
                                                                    "is_parallel": true,
                                                                    "self": 0.31713519850745797
                                                                }
                                                            }
                                                        }
                                                    }
                                                }
                                            }
                                        }
                                    }
                                }
                            }
                        },
                        "trainer_advance": {
                            "total": 19.17950739961816,
                            "count": 1993,
                            "self": 0.16423660004511476,
                            "children": {
                                "process_trajectory": {
                                    "total": 6.530045299557969,
                                    "count": 1993,
                                    "self": 6.530045299557969
                                },
                                "_update_policy": {
                                    "total": 12.485225500015076,
                                    "count": 2,
                                    "self": 8.516304299642798,
                                    "children": {
                                        "TorchPPOOptimizer.update": {
                                            "total": 3.9689212003722787,
                                            "count": 60,