{
    "name": "root",
    "metadata": {
        "timer_format_version": "0.1.0",
        "start_time_seconds": "1759286927",
        "python_version": "3.10.12 | packaged by Anaconda, Inc. | (main, Jul  5 2023, 19:01:18) [MSC v.1916 64 bit (AMD64)]",
        "command_line_arguments": "C:\\Users\\65871\\Downloads\\FYP SHit\\anaconda\\envs\\mlagents\\Scripts\\mlagents-learn Config\\BadmintionTrainer_Config.yaml --run-id=bdm1 --resume",
        "mlagents_version": "1.1.0",
        "mlagents_envs_version": "1.1.0",
        "communication_protocol_version": "1.5.0",
        "pytorch_version": "2.2.2+cu121",
        "numpy_version": "1.23.5",
        "end_time_seconds": "1759287027"
    },
    "total": 99.98806330002844,
    "count": 1,
    "self": 0.028767499839887023,
    "children": {
        "run_training.setup": {
            "total": 0.14862750004976988,
            "count": 1,
            "self": 0.14862750004976988
        },
        "TrainerController.start_learning": {
            "total": 99.81066830013879,
            "count": 1,
            "self": 0.01597140054218471,
            "children": {
                "TrainerController._reset_env": {
                    "total": 12.715831900015473,
                    "count": 1,
                    "self": 12.715831900015473
                },
                "TrainerController.advance": {
                    "total": 86.40042269951664,
                    "count": 159,
                    "self": 0.016561897937208414,
                    "children": {
                        "env_step": {
                            "total": 85.80437710159458,
                            "count": 159,
                            "self": 81.46793160168454,
                            "children": {
                                "SubprocessEnvManager._take_step": {
                                    "total": 4.3280976000241935,
                                    "count": 159,
                                    "self": 0.05269109969958663,
                                    "children": {
                                        "TorchPolicy.evaluate": {
                                            "total": 4.275406500324607,
                                            "count": 156,
                                            "self": 4.275406500324607
                                        }
                                    }
                                },
                                "workers": {
                                    "total": 0.008347899885848165,
                                    "count": 158,
                                    "self": 0.0,
                                    "children": {
                                        "worker_root": {
                                            "total": 21.724529899889603,
                                            "count": 158,
                                            "is_parallel": true,
                                            "self": 11.258834500331432,
                                            "children": {
                                                "steps_from_proto": {
                                                    "total": 0.00046250014565885067,
                                                    "count": 1,
                                                    "is_parallel": true,
                                                    "self": 0.00021780002862215042,
                                                    "children": {
                                                        "_process_rank_one_or_two_observation": {
                                                            "total": 0.00024470011703670025,
                                                            "count": 2,
                                                            "is_parallel": true,
                                                            "self": 0.00024470011703670025
                                                        }
                                                    }
                                                },
                                                "UnityEnvironment.step": {
                                                    "total": 10.465232899412513,
                                                    "count": 158,
                                                    "is_parallel": true,
                                                    "self": 0.02428300306200981,
                                                    "children": {
                                                        "UnityEnvironment._generate_step_input": {
                                                            "total": 0.040527700213715434,
                                                            "count": 158,
                                                            "is_parallel": true,
                                                            "self": 0.040527700213715434
                                                        },
                                                        "communicator.exchange": {
                                                            "total": 10.342648298945278,
                                                            "count": 158,
                                                            "is_parallel": true,
                                                            "self": 10.342648298945278
                                                        },
                                                        "steps_from_proto": {
                                                            "total": 0.057773897191509604,
                                                            "count": 158,
                                                            "is_parallel": true,
                                                            "self": 0.028188098454847932,
                                                            "children": {
                                                                "_process_rank_one_or_two_observation": {
                                                                    "total": 0.029585798736661673,
                                                                    "count": 316,
                                                                    "is_parallel": true,
                                                                    "self": 0.029585798736661673
                                                                }
                                                            }
                                                        }
                                                    }
                                                }
                                            }
                                        }
                                    }
                                }
                            }
                        },
                        "trainer_advance": {
                            "total": 0.5794836999848485,
                            "count": 158,
                            "self": 0.012863401090726256,
                            "children": {
                                "process_trajectory": {
                                    "total": 0.5666202988941222,
                                    "count": 158,
                                    "self": 0.5666202988941222
                                }
                            }
                        }
                    }
                },
                "TrainerController._save_models": {
                    "total": 0.6784423000644892,
                    "count": 1,
                    "self": 0.052776499884203076,
                    "children": {
                        "RLTrainer._checkpoint": {
                            "total": 0.6256658001802862,
                            "count": 1,