{
    "name": "root",
    "gauges": {
        "BadmintionAgent.Policy.Entropy.mean": {
            "value": 4.7860026359558105,
            "min": 4.7860026359558105,
            "max": 5.0725226402282715,
            "count": 3
        },
        "BadmintionAgent.Policy.Entropy.sum": {
            "value": 238572.65625,
            "min": 238572.65625,
            "max": 261011.734375,
            "count": 3
        },
        "BadmintionAgent.Environment.EpisodeLength.mean": {
            "value": 477.4148936170213,
            "min": 192.936,
            "max": 477.4148936170213,
            "count": 3
        },
        "BadmintionAgent.Environment.EpisodeLength.sum": {
            "value": 44877.0,
            "min": 44877.0,
            "max": 48234.0,
            "count": 3
        },
        "BadmintionAgent.Step.mean": {
            "value": 149928.0,
            "min": 49915.0,
            "max": 149928.0,
            "count": 3
        },
        "BadmintionAgent.Step.sum": {
            "value": 149928.0,
            "min": 49915.0,
            "max": 149928.0,
            "count": 3
        },
        "BadmintionAgent.Policy.ExtrinsicValueEstimate.mean": {
            "value": -8.89179515838623,
            "min": -8.89179515838623,
            "max": -2.518399953842163,
            "count": 3
        },
        "BadmintionAgent.Policy.ExtrinsicValueEstimate.sum": {
            "value": -3814.580078125,
            "min": -3814.580078125,
            "max": -1254.1632080078125,
            "count": 3
        },
        "BadmintionAgent.Environment.CumulativeReward.mean": {
            "value": -61.758707992492184,
            "min": -61.758707992492184,
            "max": -39.49123216095475,
            "count": 3
        },
        "BadmintionAgent.Environment.CumulativeReward.sum": {
            "value": -5743.559843301773,
            "min": -10489.419681072235,
            "max": -5743.559843301773,
            "count": 3
        },
        "BadmintionAgent.Policy.ExtrinsicReward.mean": {
            "value": -61.758707992492184,
            "min": -61.758707992492184,
            "max": -39.49123216095475,
            "count": 3
        },
        "BadmintionAgent.Policy.ExtrinsicReward.sum": {
            "value": -5743.559843301773,
            "min": -10489.419681072235,
            "max": -5743.559843301773,
            "count": 3
        },
        "BadmintionAgent.Losses.PolicyLoss.mean": {
            "value": 0.019681171400750624,
            "min": 0.01521994790782628,
            "max": 0.019681171400750624,
            "count": 3
        },
        "BadmintionAgent.Losses.PolicyLoss.sum": {
            "value": 0.05904351420225187,
            "min": 0.03043989581565256,
            "max": 0.05904351420225187,
            "count": 3
        },
        "BadmintionAgent.Losses.ValueLoss.mean": {
            "value": 1.8042792724238501,
            "min": 1.8042792724238501,
            "max": 6.630456546942393,
            "count": 3
        },
        "BadmintionAgent.Losses.ValueLoss.sum": {
            "value": 5.4128378172715506,
            "min": 5.4128378172715506,
            "max": 13.260913093884787,
            "count": 3
        },
        "BadmintionAgent.Policy.LearningRate.mean": {
            "value": 0.000249384030246388,
            "min": 0.000249384030246388,
            "max": 0.00024984593256162694,
            "count": 3
        },
        "BadmintionAgent.Policy.LearningRate.sum": {
            "value": 0.000748152090739164,
            "min": 0.0004992815002874002,
            "max": 0.000748152090739164,
            "count": 3
        },
        "BadmintionAgent.Policy.Epsilon.mean": {
            "value": 0.19975361200000008,
            "min": 0.19975361200000008,
            "max": 0.19993837300000006,
            "count": 3
        },
        "BadmintionAgent.Policy.Epsilon.sum": {
            "value": 0.5992608360000002,
            "min": 0.3997126,
            "max": 0.5992608360000002,
            "count": 3
        },
        "BadmintionAgent.Policy.Beta.mean": {
            "value": 0.0049877052388,
            "min": 0.0049877052388,
            "max": 0.004996924812700001,
            "count": 3
        },
        "BadmintionAgent.Policy.Beta.sum": {
            "value": 0.014963115716400001,
            "min": 0.009985658739999998,
            "max": 0.014963115716400001,
            "count": 3
        },
        "BadmintionAgent.IsTraining.mean": {
            "value": 1.0,
            "min": 1.0,
            "max": 1.0,
            "count": 3
        },
        "BadmintionAgent.IsTraining.sum": {
            "value": 1.0,
            "min": 1.0,
            "max": 1.0,
            "count": 3
        }
    },
    "metadata": {
        "timer_format_version": "0.1.0",
        "start_time_seconds": "1761392045",
        "python_version": "3.10.12 | packaged by Anaconda, Inc. | (main, Jul  5 2023, 19:01:18) [MSC v.1916 64 bit (AMD64)]",
        "command_line_arguments": "S:\\FypStuff\\miniconda3\\envs\\mlagents\\Scripts\\mlagents-learn config/BadmintionTrainer_Config.yaml --run-id=BdmVer2Test4 --force",
        "mlagents_version": "1.2.0.dev0",
        "mlagents_envs_version": "1.2.0.dev0",
        "communication_protocol_version": "1.5.0",
        "pytorch_version": "2.2.2+cu121",
        "numpy_version": "1.23.5",
        "end_time_seconds": "1761392640"
    },
    "total": 595.4339438000006,
    "count": 1,
    "self": 0.005926699999690754,
    "children": {
        "run_training.setup": {
            "total": 0.09369169999990845,
            "count": 1,
            "self": 0.09369169999990845
        },
        "TrainerController.start_learning": {
            "total": 595.334325400001,
            "count": 1,
            "self": 0.16258989990092232,
            "children": {
                "TrainerController._reset_env": {
                    "total": 8.295644199999515,
                    "count": 1,
                    "self": 8.295644199999515
                },
                "TrainerController.advance": {
                    "total": 586.7038666001008,
                    "count": 7822,
                    "self": 0.1521469997242093,
                    "children": {
                        "env_step": {
                            "total": 544.6175325004151,
                            "count": 7822,
                            "self": 498.39901200037093,
                            "children": {
                                "SubprocessEnvManager._take_step": {
                                    "total": 46.10905940007069,
                                    "count": 7822,
                                    "self": 0.45629380006539577,
                                    "children": {
                                        "TorchPolicy.evaluate": {
                                            "total": 45.652765600005296,
                                            "count": 7240,
                                            "self": 45.652765600005296
                                        }
                                    }
                                },
                                "workers": {
                                    "total": 0.10946109997348685,
                                    "count": 7821,
                                    "self": 0.0,
                                    "children": {
                                        "worker_root": {
                                            "total": 525.0086837001581,
                                            "count": 7821,
                                            "is_parallel": true,
                                            "self": 101.82900599985805,
                                            "children": {
                                                "steps_from_proto": {
                                                    "total": 0.0005217999987507937,