{
    "name": "root",
    "metadata": {
        "timer_format_version": "0.1.0",
        "start_time_seconds": "1761395407",
        "python_version": "3.10.12 | packaged by Anaconda, Inc. | (main, Jul  5 2023, 19:01:18) [MSC v.1916 64 bit (AMD64)]",
        "command_line_arguments": "S:\\FypStuff\\miniconda3\\envs\\mlagents\\Scripts\\mlagents-learn config/BadmintionTrainer_Config.yaml --run-id=BdmVer2Test4 --force",
        "mlagents_version": "1.2.0.dev0",
        "mlagents_envs_version": "1.2.0.dev0",
        "communication_protocol_version": "1.5.0",
        "pytorch_version": "2.2.2+cu121",
        "numpy_version": "1.23.5",
        "end_time_seconds": "1761395506"
    },
    "total": 98.32455219999974,
    "count": 1,
    "self": 0.008275200001662597,
    "children": {
        "run_training.setup": {
            "total": 0.09584429999813437,
            "count": 1,
            "self": 0.09584429999813437
        },
        "TrainerController.start_learning": {
            "total": 98.22043269999995,
            "count": 1,
            "self": 0.004340900035458617,
            "children": {
                "TrainerController._reset_env": {
                    "total": 17.304799899997306,
                    "count": 1,
                    "self": 17.304799899997306
                },
                "TrainerController.advance": {
                    "total": 80.41624649996447,
                    "count": 203,
                    "self": 0.003916799934813753,
                    "children": {
                        "env_step": {
                            "total": 80.02987989999747,
                            "count": 203,
                            "self": 78.05700709997109,
                            "children": {
                                "SubprocessEnvManager._take_step": {
                                    "total": 1.9702952000188816,
                                    "count": 203,
                                    "self": 0.013107800037687412,
                                    "children": {
                                        "TorchPolicy.evaluate": {
                                            "total": 1.9571873999811942,
                                            "count": 193,
                                            "self": 1.9571873999811942
                                        }
                                    }
                                },
                                "workers": {
                                    "total": 0.002577600007498404,
                                    "count": 202,
                                    "self": 0.0,
                                    "children": {
                                        "worker_root": {
                                            "total": 19.908969699998124,
                                            "count": 202,
                                            "is_parallel": true,
                                            "self": 4.801560700023401,
                                            "children": {
                                                "steps_from_proto": {
                                                    "total": 0.006047999999282183,
                                                    "count": 1,
                                                    "is_parallel": true,
                                                    "self": 0.001927199999045115,
                                                    "children": {
                                                        "_process_rank_one_or_two_observation": {
                                                            "total": 0.004120800000237068,
                                                            "count": 2,
                                                            "is_parallel": true,
                                                            "self": 0.004120800000237068
                                                        }
                                                    }
                                                },
                                                "UnityEnvironment.step": {
                                                    "total": 15.10136099997544,
                                                    "count": 202,
                                                    "is_parallel": true,
                                                    "self": 0.04107869998915703,
                                                    "children": {
                                                        "UnityEnvironment._generate_step_input": {
                                                            "total": 0.13084169999638107,
                                                            "count": 202,
                                                            "is_parallel": true,
                                                            "self": 0.13084169999638107
                                                        },
                                                        "communicator.exchange": {
                                                            "total": 14.823130799974024,
                                                            "count": 202,
                                                            "is_parallel": true,
                                                            "self": 14.823130799974024
                                                        },
                                                        "steps_from_proto": {
                                                            "total": 0.10630980001587886,
                                                            "count": 202,
                                                            "is_parallel": true,
                                                            "self": 0.04375620000791969,
                                                            "children": {
                                                                "_process_rank_one_or_two_observation": {
                                                                    "total": 0.06255360000795918,
                                                                    "count": 404,
                                                                    "is_parallel": true,
                                                                    "self": 0.06255360000795918
                                                                }
                                                            }
                                                        }
                                                    }
                                                }
                                            }
                                        }
                                    }
                                }
                            }
                        },
                        "trainer_advance": {
                            "total": 0.382449800032191,
                            "count": 202,
                            "self": 0.004379400037578307,
                            "children": {
                                "process_trajectory": {
                                    "total": 0.37807039999461267,
                                    "count": 202,
                                    "self": 0.37807039999461267
                                }
                            }
                        }
                    }
                },
                "TrainerController._save_models": {
                    "total": 0.49504540000270936,
                    "count": 1,
                    "self": 0.011672100001305807,
                    "children": {
                        "RLTrainer._checkpoint": {
                            "total": 0.48337330000140355,
                            "count": 1,