{
    "name": "root",
    "gauges": {
        "RacingBehaviour.Policy.Entropy.mean": {
            "value": 1.1999711990356445,
            "min": 1.1999711990356445,
            "max": 1.4171686172485352,
            "count": 125
        },
        "RacingBehaviour.Policy.Entropy.sum": {
            "value": 59938.5625,
            "min": 59938.5625,
            "max": 73678.59375,
            "count": 125
        },
        "RacingBehaviour.Step.mean": {
            "value": 6249906.0,
            "min": 49981.0,
            "max": 6249906.0,
            "count": 125
        },
        "RacingBehaviour.Step.sum": {
            "value": 6249906.0,
            "min": 49981.0,
            "max": 6249906.0,
            "count": 125
        },
        "RacingBehaviour.Policy.ExtrinsicValueEstimate.mean": {
            "value": -0.5311034917831421,
            "min": -0.8598971962928772,
            "max": -0.038843266665935516,
            "count": 125
        },
        "RacingBehaviour.Policy.ExtrinsicValueEstimate.sum": {
            "value": -224.12567138671875,
            "min": -345.6786804199219,
            "max": -16.081111907958984,
            "count": 125
        },
        "RacingBehaviour.Environment.EpisodeLength.mean": {
            "value": 1067.3333333333333,
            "min": 769.75,
            "max": 2570.9,
            "count": 125
        },
        "RacingBehaviour.Environment.EpisodeLength.sum": {
            "value": 54434.0,
            "min": 29228.0,
            "max": 59035.0,
            "count": 125
        },
        "RacingBehaviour.Environment.CumulativeReward.mean": {
            "value": -3.702521277993333,
            "min": -12.34233231395483,
            "max": -3.6724712702963087,
            "count": 125
        },
        "RacingBehaviour.Environment.CumulativeReward.sum": {
            "value": -188.82858517766,
            "min": -333.1726076900959,
            "max": -163.70397777855396,
            "count": 125
        },
        "RacingBehaviour.Policy.ExtrinsicReward.mean": {
            "value": -3.702521277993333,
            "min": -12.34233231395483,
            "max": -3.6724712702963087,
            "count": 125
        },
        "RacingBehaviour.Policy.ExtrinsicReward.sum": {
            "value": -188.82858517766,
            "min": -333.1726076900959,
            "max": -163.70397777855396,
            "count": 125
        },
        "RacingBehaviour.Losses.PolicyLoss.mean": {
            "value": 0.017037487441363436,
            "min": 0.013377345446497203,
            "max": 0.021628265626107653,
            "count": 125
        },
        "RacingBehaviour.Losses.PolicyLoss.sum": {
            "value": 0.03407497488272687,
            "min": 0.026754690892994405,
            "max": 0.06082611729701361,
            "count": 125
        },
        "RacingBehaviour.Losses.ValueLoss.mean": {
            "value": 0.003683373269935449,
            "min": 0.0009196688867329309,
            "max": 0.010363870427351107,
            "count": 125
        },
        "RacingBehaviour.Losses.ValueLoss.sum": {
            "value": 0.007366746539870898,
            "min": 0.0020656936510931702,
            "max": 0.020727740854702213,
            "count": 125
        },
        "RacingBehaviour.Policy.LearningRate.mean": {
            "value": 0.00021889649244140804,
            "min": 0.00021889649244140804,
            "max": 0.000249835760065696,
            "count": 125
        },
        "RacingBehaviour.Policy.LearningRate.sum": {
            "value": 0.0004377929848828161,
            "min": 0.0004377929848828161,
            "max": 0.00074811910075236,
            "count": 125
        },
        "RacingBehaviour.Policy.Epsilon.mean": {
            "value": 0.18755859199999997,
            "min": 0.18755859199999997,
            "max": 0.19993430400000003,
            "count": 125
        },
        "RacingBehaviour.Policy.Epsilon.sum": {
            "value": 0.37511718399999994,
            "min": 0.37511718399999994,
            "max": 0.59924764,
            "count": 125
        },
        "RacingBehaviour.Policy.Beta.mean": {
            "value": 0.0043791737408,
            "min": 0.0043791737408,
            "max": 0.004996721769599999,
            "count": 125
        },
        "RacingBehaviour.Policy.Beta.sum": {
            "value": 0.0087583474816,
            "min": 0.0087583474816,
            "max": 0.014962457236000001,
            "count": 125
        },
        "RacingBehaviour.IsTraining.mean": {
            "value": 1.0,
            "min": 1.0,
            "max": 1.0,
            "count": 125
        },
        "RacingBehaviour.IsTraining.sum": {
            "value": 1.0,
            "min": 1.0,
            "max": 1.0,
            "count": 125
        }
    },
    "metadata": {
        "timer_format_version": "0.1.0",
        "start_time_seconds": "1762176219",
        "python_version": "3.10.12 | packaged by Anaconda, Inc. | (main, Jul  5 2023, 19:01:18) [MSC v.1916 64 bit (AMD64)]",
        "command_line_arguments": "S:\\FypStuff\\miniconda3\\envs\\mlagents\\Scripts\\mlagents-learn config/RaceCar_config.yaml --run-id=race3",
        "mlagents_version": "1.2.0.dev0",
        "mlagents_envs_version": "1.2.0.dev0",
        "communication_protocol_version": "1.5.0",
        "pytorch_version": "2.2.2+cu121",
        "numpy_version": "1.23.5",
        "end_time_seconds": "1762192774"
    },
    "total": 16554.8956125,
    "count": 1,
    "self": 0.00615520000064862,
    "children": {
        "run_training.setup": {
            "total": 0.09013900000002195,
            "count": 1,
            "self": 0.09013900000002195
        },
        "TrainerController.start_learning": {
            "total": 16554.7993183,
            "count": 1,
            "self": 4.4684276002662955,
            "children": {
                "TrainerController._reset_env": {
                    "total": 12.502577599999995,
                    "count": 1,
                    "self": 12.502577599999995
                },
                "TrainerController.advance": {
                    "total": 16537.723836099733,
                    "count": 212207,
                    "self": 4.168408399898908,
                    "children": {
                        "env_step": {
                            "total": 14497.93880219967,
                            "count": 212207,
                            "self": 13753.092958199553,
                            "children": {
                                "SubprocessEnvManager._take_step": {
                                    "total": 741.9155413999634,
                                    "count": 212207,
                                    "self": 15.098834500016665,
                                    "children": {
                                        "TorchPolicy.evaluate": {
                                            "total": 726.8167068999468,
                                            "count": 208480,
                                            "self": 726.8167068999468
                                        }
                                    }
                                },
                                "workers": {
                                    "total": 2.9303026001525723,
                                    "count": 212206,
                                    "self": 0.0,
                                    "children": {
                                        "worker_root": {
                                            "total": 16536.305863099926,
                                            "count": 212206,
                                            "is_parallel": true,
                                            "self": 3194.425990200034,