{
    "name": "root",
    "gauges": {
        "RacingBehaviour.Policy.Entropy.mean": {
            "value": 1.26825749874115,
            "min": 1.266282081604004,
            "max": 1.4238665103912354,
            "count": 58
        },
        "RacingBehaviour.Policy.Entropy.sum": {
            "value": 62885.27734375,
            "min": 62885.27734375,
            "max": 78526.5546875,
            "count": 58
        },
        "RacingBehaviour.Step.mean": {
            "value": 2899893.0,
            "min": 49920.0,
            "max": 2899893.0,
            "count": 58
        },
        "RacingBehaviour.Step.sum": {
            "value": 2899893.0,
            "min": 49920.0,
            "max": 2899893.0,
            "count": 58
        },
        "RacingBehaviour.Policy.ExtrinsicValueEstimate.mean": {
            "value": 1.4101660251617432,
            "min": -1.3745384216308594,
            "max": 1.4858753681182861,
            "count": 58
        },
        "RacingBehaviour.Policy.ExtrinsicValueEstimate.sum": {
            "value": 552.7850952148438,
            "min": -542.9426879882812,
            "max": 582.463134765625,
            "count": 58
        },
        "RacingBehaviour.Losses.PolicyLoss.mean": {
            "value": 0.016769140728542374,
            "min": 0.012807370578714956,
            "max": 0.019728118173467615,
            "count": 58
        },
        "RacingBehaviour.Losses.PolicyLoss.sum": {
            "value": 0.05030742218562712,
            "min": 0.025614741157429913,
            "max": 0.05914633488282561,
            "count": 58
        },
        "RacingBehaviour.Losses.ValueLoss.mean": {
            "value": 0.00941781705348856,
            "min": 0.00807081437475669,
            "max": 0.03159936461597681,
            "count": 58
        },
        "RacingBehaviour.Losses.ValueLoss.sum": {
            "value": 0.028253451160465678,
            "min": 0.01614162874951338,
            "max": 0.08018082523097594,
            "count": 58
        },
        "RacingBehaviour.Policy.LearningRate.mean": {
            "value": 0.000235620220751914,
            "min": 0.000235620220751914,
            "max": 0.000249815680073728,
            "count": 58
        },
        "RacingBehaviour.Policy.LearningRate.sum": {
            "value": 0.000706860662255742,
            "min": 0.0004717540962983662,
            "max": 0.0007473155010738002,
            "count": 58
        },
        "RacingBehaviour.Policy.Epsilon.mean": {
            "value": 0.194248086,
            "min": 0.194248086,
            "max": 0.19992627200000007,
            "count": 58
        },
        "RacingBehaviour.Policy.Epsilon.sum": {
            "value": 0.582744258,
            "min": 0.388701634,
            "max": 0.5989262000000001,
            "count": 58
        },
        "RacingBehaviour.Policy.Beta.mean": {
            "value": 0.004712979491400001,
            "min": 0.004712979491400001,
            "max": 0.004996320972799999,
            "count": 58
        },
        "RacingBehaviour.Policy.Beta.sum": {
            "value": 0.014138938474200004,
            "min": 0.0094362115366,
            "max": 0.01494641738,
            "count": 58
        },
        "RacingBehaviour.IsTraining.mean": {
            "value": 1.0,
            "min": 1.0,
            "max": 1.0,
            "count": 58
        },
        "RacingBehaviour.IsTraining.sum": {
            "value": 1.0,
            "min": 1.0,
            "max": 1.0,
            "count": 58
        },
        "RacingBehaviour.Environment.EpisodeLength.mean": {
            "value": 4400.0,
            "min": 1948.4545454545455,
            "max": 10128.36,
            "count": 50
        },
        "RacingBehaviour.Environment.EpisodeLength.sum": {
            "value": 8800.0,
            "min": 2166.0,
            "max": 253209.0,
            "count": 50
        },
        "RacingBehaviour.Environment.CumulativeReward.mean": {
            "value": 34.69086495321244,
            "min": -79.93392255033056,
            "max": 34.989333499222994,
            "count": 50
        },
        "RacingBehaviour.Environment.CumulativeReward.sum": {
            "value": 69.38172990642488,
            "min": -1749.126437897794,
            "max": 891.62895634491,
            "count": 50
        },
        "RacingBehaviour.Policy.ExtrinsicReward.mean": {
            "value": 34.69086495321244,
            "min": -79.93392255033056,
            "max": 34.989333499222994,
            "count": 50
        },
        "RacingBehaviour.Policy.ExtrinsicReward.sum": {
            "value": 69.38172990642488,
            "min": -1749.126437897794,
            "max": 891.62895634491,
            "count": 50
        }
    },
    "metadata": {
        "timer_format_version": "0.1.0",
        "start_time_seconds": "1762700597",
        "python_version": "3.10.12 | packaged by Anaconda, Inc. | (main, Jul  5 2023, 19:01:18) [MSC v.1916 64 bit (AMD64)]",
        "command_line_arguments": "S:\\FypStuff\\miniconda3\\envs\\mlagents\\Scripts\\mlagents-learn config/RaceCar_config.yaml --run-id=race3 --force",
        "mlagents_version": "1.2.0.dev0",
        "mlagents_envs_version": "1.2.0.dev0",
        "communication_protocol_version": "1.5.0",
        "pytorch_version": "2.2.2+cu121",
        "numpy_version": "1.23.5",
        "end_time_seconds": "1762703743"
    },
    "total": 3146.1019248000002,
    "count": 1,
    "self": 0.009783999998944637,
    "children": {
        "run_training.setup": {
            "total": 0.09740860000056273,
            "count": 1,
            "self": 0.09740860000056273
        },
        "TrainerController.start_learning": {
            "total": 3145.9947322000007,
            "count": 1,
            "self": 1.3201857999019921,
            "children": {
                "TrainerController._reset_env": {
                    "total": 12.412160500000027,
                    "count": 1,
                    "self": 12.412160500000027
                },
                "TrainerController.advance": {
                    "total": 3132.0538591000986,
                    "count": 61281,
                    "self": 1.1925334002462478,
                    "children": {
                        "env_step": {
                            "total": 2247.855246399963,
                            "count": 61281,
                            "self": 2048.419057499974,
                            "children": {
                                "SubprocessEnvManager._take_step": {
                                    "total": 198.59578829993916,
                                    "count": 61281,
                                    "self": 4.850977499851979,
                                    "children": {
                                        "TorchPolicy.evaluate": {
                                            "total": 193.74481080008718,
                                            "count": 61281,
                                            "self": 193.74481080008718
                                        }
                                    }
                                },
                                "workers": {
                                    "total": 0.8404006000500885,
                                    "count": 61280,
                                    "self": 0.0,
                                    "children": {
                                        "worker_root": {
                                            "total": 3069.7332626000316,
                                            "count": 61280,
                                            "is_parallel": true,
                                            "self": 1236.6425507000858,
                                            "children": {
                                                "steps_from_proto": {
                                                    "total": 0.0011160000003656023,