{
    "name": "root",
    "gauges": {
        "RacingBehaviour.Policy.Entropy.mean": {
            "value": 1.1005789041519165,
            "min": 1.1005789041519165,
            "max": 1.419100284576416,
            "count": 73
        },
        "RacingBehaviour.Policy.Entropy.sum": {
            "value": 55284.28125,
            "min": 55284.28125,
            "max": 74025.9453125,
            "count": 73
        },
        "RacingBehaviour.Step.mean": {
            "value": 3649942.0,
            "min": 49992.0,
            "max": 3649942.0,
            "count": 73
        },
        "RacingBehaviour.Step.sum": {
            "value": 3649942.0,
            "min": 49992.0,
            "max": 3649942.0,
            "count": 73
        },
        "RacingBehaviour.Policy.ExtrinsicValueEstimate.mean": {
            "value": 3.8236286640167236,
            "min": -3.348590612411499,
            "max": 3.8236286640167236,
            "count": 73
        },
        "RacingBehaviour.Policy.ExtrinsicValueEstimate.sum": {
            "value": 1514.156982421875,
            "min": -1372.922119140625,
            "max": 1514.156982421875,
            "count": 73
        },
        "RacingBehaviour.Losses.PolicyLoss.mean": {
            "value": 0.01999762972118333,
            "min": 0.012747626840913047,
            "max": 0.02060250124195591,
            "count": 73
        },
        "RacingBehaviour.Losses.PolicyLoss.sum": {
            "value": 0.03999525944236666,
            "min": 0.025495253681826095,
            "max": 0.0575265339963759,
            "count": 73
        },
        "RacingBehaviour.Losses.ValueLoss.mean": {
            "value": 0.01801481656730175,
            "min": 0.017980261923124394,
            "max": 0.41672797269291345,
            "count": 73
        },
        "RacingBehaviour.Losses.ValueLoss.sum": {
            "value": 0.0360296331346035,
            "min": 0.03596052384624879,
            "max": 1.2501839180787404,
            "count": 73
        },
        "RacingBehaviour.Policy.LearningRate.mean": {
            "value": 0.000231852652258942,
            "min": 0.000231852652258942,
            "max": 0.000249841147563541,
            "count": 73
        },
        "RacingBehaviour.Policy.LearningRate.sum": {
            "value": 0.000463705304517884,
            "min": 0.000463705304517884,
            "max": 0.0007481372107451161,
            "count": 73
        },
        "RacingBehaviour.Policy.Epsilon.mean": {
            "value": 0.19274105799999997,
            "min": 0.19274105799999997,
            "max": 0.199936459,
            "count": 73
        },
        "RacingBehaviour.Policy.Epsilon.sum": {
            "value": 0.38548211599999993,
            "min": 0.38548211599999993,
            "max": 0.599254884,
            "count": 73
        },
        "RacingBehaviour.Policy.Beta.mean": {
            "value": 0.004637778794200001,
            "min": 0.004637778794200001,
            "max": 0.004996829304099999,
            "count": 73
        },
        "RacingBehaviour.Policy.Beta.sum": {
            "value": 0.009275557588400003,
            "min": 0.009275557588400003,
            "max": 0.0149628187116,
            "count": 73
        },
        "RacingBehaviour.Environment.EpisodeLength.mean": {
            "value": 2147.9166666666665,
            "min": 1086.6756756756756,
            "max": 3642.5,
            "count": 73
        },
        "RacingBehaviour.Environment.EpisodeLength.sum": {
            "value": 51550.0,
            "min": 33455.0,
            "max": 64044.0,
            "count": 73
        },
        "RacingBehaviour.Environment.CumulativeReward.mean": {
            "value": 46.34844292203585,
            "min": -73.30699400107066,
            "max": 46.34844292203585,
            "count": 73
        },
        "RacingBehaviour.Environment.CumulativeReward.sum": {
            "value": 1112.3626301288605,
            "min": -1979.2888380289078,
            "max": 1252.719588905573,
            "count": 73
        },
        "RacingBehaviour.Policy.ExtrinsicReward.mean": {
            "value": 46.34844292203585,
            "min": -73.30699400107066,
            "max": 46.34844292203585,
            "count": 73
        },
        "RacingBehaviour.Policy.ExtrinsicReward.sum": {
            "value": 1112.3626301288605,
            "min": -1979.2888380289078,
            "max": 1252.719588905573,
            "count": 73
        },
        "RacingBehaviour.IsTraining.mean": {
            "value": 1.0,
            "min": 1.0,
            "max": 1.0,
            "count": 73
        },
        "RacingBehaviour.IsTraining.sum": {
            "value": 1.0,
            "min": 1.0,
            "max": 1.0,
            "count": 73
        }
    },
    "metadata": {
        "timer_format_version": "0.1.0",
        "start_time_seconds": "1762870321",
        "python_version": "3.10.12 | packaged by Anaconda, Inc. | (main, Jul  5 2023, 19:01:18) [MSC v.1916 64 bit (AMD64)]",
        "command_line_arguments": "S:\\FypStuff\\miniconda3\\envs\\mlagents\\Scripts\\mlagents-learn config/RaceCar_config.yaml --run-id=race3 --force",
        "mlagents_version": "1.2.0.dev0",
        "mlagents_envs_version": "1.2.0.dev0",
        "communication_protocol_version": "1.5.0",
        "pytorch_version": "2.2.2+cu121",
        "numpy_version": "1.23.5",
        "end_time_seconds": "1762878958"
    },
    "total": 8637.3032498,
    "count": 1,
    "self": 0.006153800000902265,
    "children": {
        "run_training.setup": {
            "total": 0.09248619999925722,
            "count": 1,
            "self": 0.09248619999925722
        },
        "TrainerController.start_learning": {
            "total": 8637.2046098,
            "count": 1,
            "self": 2.9135870998634346,
            "children": {
                "TrainerController._reset_env": {
                    "total": 13.74533539999993,
                    "count": 1,
                    "self": 13.74533539999993
                },
                "TrainerController.advance": {
                    "total": 8620.438461600137,
                    "count": 131565,
                    "self": 3.010866599950532,
                    "children": {
                        "env_step": {
                            "total": 7377.5459393999845,
                            "count": 131565,
                            "self": 6923.962795899995,
                            "children": {
                                "SubprocessEnvManager._take_step": {
                                    "total": 451.68389750006736,
                                    "count": 131565,
                                    "self": 11.80657719964438,
                                    "children": {
                                        "TorchPolicy.evaluate": {
                                            "total": 439.877320300423,
                                            "count": 130746,
                                            "self": 439.877320300423
                                        }
                                    }
                                },
                                "workers": {
                                    "total": 1.8992459999217317,
                                    "count": 131564,
                                    "self": 0.0,
                                    "children": {
                                        "worker_root": {
                                            "total": 8620.371086199433,
                                            "count": 131564,
                                            "is_parallel": true,
                                            "self": 1947.1391929995116,
                                            "children": {
                                                "steps_from_proto": {
                                                    "total": 0.0008817000007184106,