{
    "name": "root",
    "gauges": {
        "RacingBehaviour.Policy.Entropy.mean": {
            "value": 1.3913856744766235,
            "min": 1.3913856744766235,
            "max": 1.4162869453430176,
            "count": 9
        },
        "RacingBehaviour.Policy.Entropy.sum": {
            "value": 69925.4765625,
            "min": 69615.6640625,
            "max": 74338.0703125,
            "count": 9
        },
        "RacingBehaviour.Step.mean": {
            "value": 449961.0,
            "min": 49815.0,
            "max": 449961.0,
            "count": 9
        },
        "RacingBehaviour.Step.sum": {
            "value": 449961.0,
            "min": 49815.0,
            "max": 449961.0,
            "count": 9
        },
        "RacingBehaviour.Policy.ExtrinsicValueEstimate.mean": {
            "value": -4.70134973526001,
            "min": -7.268535614013672,
            "max": -2.1403021812438965,
            "count": 9
        },
        "RacingBehaviour.Policy.ExtrinsicValueEstimate.sum": {
            "value": -1057.8037109375,
            "min": -1758.985595703125,
            "max": -458.024658203125,
            "count": 9
        },
        "RacingBehaviour.Losses.PolicyLoss.mean": {
            "value": 0.02545516001293436,
            "min": 0.021037024389952422,
            "max": 0.025962071269750593,
            "count": 9
        },
        "RacingBehaviour.Losses.PolicyLoss.sum": {
            "value": 0.1272758000646718,
            "min": 0.0879121639069512,
            "max": 0.12981035634875296,
            "count": 9
        },
        "RacingBehaviour.Losses.ValueLoss.mean": {
            "value": 0.2709155848622322,
            "min": 0.2709155848622322,
            "max": 1.6077326875925064,
            "count": 9
        },
        "RacingBehaviour.Losses.ValueLoss.sum": {
            "value": 1.354577924311161,
            "min": 1.354577924311161,
            "max": 8.038663437962532,
            "count": 9
        },
        "RacingBehaviour.Policy.LearningRate.mean": {
            "value": 9.957200582799461e-05,
            "min": 9.957200582799461e-05,
            "max": 9.997116527883475e-05,
            "count": 9
        },
        "RacingBehaviour.Policy.LearningRate.sum": {
            "value": 0.000497860029139973,
            "min": 0.00039930388369611704,
            "max": 0.0004996221523778481,
            "count": 9
        },
        "RacingBehaviour.Policy.Epsilon.mean": {
            "value": 0.19957200540000003,
            "min": 0.19957200540000003,
            "max": 0.19997116524999997,
            "count": 9
        },
        "RacingBehaviour.Policy.Epsilon.sum": {
            "value": 0.9978600270000001,
            "min": 0.799303883,
            "max": 0.9996221519999999,
            "count": 9
        },
        "RacingBehaviour.Policy.Beta.mean": {
            "value": 0.00199148290746,
            "min": 0.00199148290746,
            "max": 0.001999426188475,
            "count": 9
        },
        "RacingBehaviour.Policy.Beta.sum": {
            "value": 0.009957414537300001,
            "min": 0.0079861472717,
            "max": 0.0099924808248,
            "count": 9
        },
        "RacingBehaviour.Environment.EpisodeLength.mean": {
            "value": 664.1733333333333,
            "min": 664.1733333333333,
            "max": 1069.2619047619048,
            "count": 9
        },
        "RacingBehaviour.Environment.EpisodeLength.sum": {
            "value": 49813.0,
            "min": 44056.0,
            "max": 55247.0,
            "count": 9
        },
        "RacingBehaviour.Environment.CumulativeReward.mean": {
            "value": -3.446783246220769,
            "min": -53.140889395560535,
            "max": -3.446783246220769,
            "count": 9
        },
        "RacingBehaviour.Environment.CumulativeReward.sum": {
            "value": -255.0619602203369,
            "min": -2231.9173546135426,
            "max": -255.0619602203369,
            "count": 9
        },
        "RacingBehaviour.Policy.ExtrinsicReward.mean": {
            "value": -3.446783246220769,
            "min": -53.140889395560535,
            "max": -3.446783246220769,
            "count": 9
        },
        "RacingBehaviour.Policy.ExtrinsicReward.sum": {
            "value": -255.0619602203369,
            "min": -2231.9173546135426,
            "max": -255.0619602203369,
            "count": 9
        },
        "RacingBehaviour.IsTraining.mean": {
            "value": 1.0,
            "min": 1.0,
            "max": 1.0,
            "count": 9
        },
        "RacingBehaviour.IsTraining.sum": {
            "value": 1.0,
            "min": 1.0,
            "max": 1.0,
            "count": 9
        }
    },
    "metadata": {
        "timer_format_version": "0.1.0",
        "start_time_seconds": "1762793138",
        "python_version": "3.10.12 | packaged by Anaconda, Inc. | (main, Jul  5 2023, 19:01:18) [MSC v.1916 64 bit (AMD64)]",
        "command_line_arguments": "S:\\FypStuff\\miniconda3\\envs\\mlagents\\Scripts\\mlagents-learn config/RaceCar_config.yaml --run-id=race3 --force",
        "mlagents_version": "1.2.0.dev0",
        "mlagents_envs_version": "1.2.0.dev0",
        "communication_protocol_version": "1.5.0",
        "pytorch_version": "2.2.2+cu121",
        "numpy_version": "1.23.5",
        "end_time_seconds": "1762794396"
    },
    "total": 1258.2828586999985,
    "count": 1,
    "self": 0.006691399998089764,
    "children": {
        "run_training.setup": {
            "total": 0.09041109999998298,
            "count": 1,
            "self": 0.09041109999998298
        },
        "TrainerController.start_learning": {
            "total": 1258.1857562000005,
            "count": 1,
            "self": 0.49760990003596817,
            "children": {
                "TrainerController._reset_env": {
                    "total": 9.56133619999855,
                    "count": 1,
                    "self": 9.56133619999855
                },
                "TrainerController.advance": {
                    "total": 1247.8846401999654,
                    "count": 20314,
                    "self": 0.4821272000699537,
                    "children": {
                        "env_step": {
                            "total": 1038.3697314998863,
                            "count": 20314,
                            "self": 961.334877099911,
                            "children": {
                                "SubprocessEnvManager._take_step": {
                                    "total": 76.71996819991728,
                                    "count": 20314,
                                    "self": 1.5689329999986512,
                                    "children": {
                                        "TorchPolicy.evaluate": {
                                            "total": 75.15103519991862,
                                            "count": 20002,
                                            "self": 75.15103519991862
                                        }
                                    }
                                },
                                "workers": {
                                    "total": 0.3148862000580266,
                                    "count": 20313,
                                    "self": 0.0,
                                    "children": {
                                        "worker_root": {
                                            "total": 1230.8401302000602,
                                            "count": 20313,
                                            "is_parallel": true,
                                            "self": 328.9496294997771,
                                            "children": {
                                                "steps_from_proto": {
                                                    "total": 0.0010813000008056406,