{
    "name": "root",
    "gauges": {
        "RacingBehaviour.Policy.Entropy.mean": {
            "value": 1.0742826461791992,
            "min": 1.0742826461791992,
            "max": 1.1294845342636108,
            "count": 53
        },
        "RacingBehaviour.Policy.Entropy.sum": {
            "value": 53176.9921875,
            "min": 34697.765625,
            "max": 59508.703125,
            "count": 53
        },
        "RacingBehaviour.Step.mean": {
            "value": 11249885.0,
            "min": 8649958.0,
            "max": 11249885.0,
            "count": 53
        },
        "RacingBehaviour.Step.sum": {
            "value": 11249885.0,
            "min": 8649958.0,
            "max": 11249885.0,
            "count": 53
        },
        "RacingBehaviour.Policy.ExtrinsicValueEstimate.mean": {
            "value": -0.5457236766815186,
            "min": -0.6799637675285339,
            "max": -0.47914403676986694,
            "count": 53
        },
        "RacingBehaviour.Policy.ExtrinsicValueEstimate.sum": {
            "value": -218.835205078125,
            "min": -260.1158447265625,
            "max": -152.3118896484375,
            "count": 53
        },
        "RacingBehaviour.Losses.PolicyLoss.mean": {
            "value": 0.015115192439407111,
            "min": 0.013022847035123656,
            "max": 0.01979490885666261,
            "count": 53
        },
        "RacingBehaviour.Losses.PolicyLoss.sum": {
            "value": 0.030230384878814222,
            "min": 0.016002580925652928,
            "max": 0.057770840575297674,
            "count": 53
        },
        "RacingBehaviour.Losses.ValueLoss.mean": {
            "value": 0.00285601030724744,
            "min": 0.0011466996031231247,
            "max": 0.004873923374565713,
            "count": 53
        },
        "RacingBehaviour.Losses.ValueLoss.sum": {
            "value": 0.00571202061449488,
            "min": 0.0015363168856834598,
            "max": 0.009747846749131426,
            "count": 53
        },
        "RacingBehaviour.Policy.LearningRate.mean": {
            "value": 0.00019384887746045802,
            "min": 0.00019384887746045802,
            "max": 0.000206778387288652,
            "count": 53
        },
        "RacingBehaviour.Policy.LearningRate.sum": {
            "value": 0.00038769775492091603,
            "min": 0.000206778387288652,
            "max": 0.000619064597374182,
            "count": 53
        },
        "RacingBehaviour.Policy.Epsilon.mean": {
            "value": 0.177539542,
            "min": 0.177539542,
            "max": 0.182711348,
            "count": 53
        },
        "RacingBehaviour.Policy.Epsilon.sum": {
            "value": 0.355079084,
            "min": 0.182711348,
            "max": 0.547625818,
            "count": 53
        },
        "RacingBehaviour.Policy.Beta.mean": {
            "value": 0.0038792231458000016,
            "min": 0.0038792231458000016,
            "max": 0.0041372962651999995,
            "count": 53
        },
        "RacingBehaviour.Policy.Beta.sum": {
            "value": 0.007758446291600003,
            "min": 0.0041372962651999995,
            "max": 0.012386528318199998,
            "count": 53
        },
        "RacingBehaviour.IsTraining.mean": {
            "value": 1.0,
            "min": 1.0,
            "max": 1.0,
            "count": 53
        },
        "RacingBehaviour.IsTraining.sum": {
            "value": 1.0,
            "min": 1.0,
            "max": 1.0,
            "count": 53
        },
        "RacingBehaviour.Environment.EpisodeLength.mean": {
            "value": 995.7857142857143,
            "min": 986.025641025641,
            "max": 1020.9333333333333,
            "count": 52
        },
        "RacingBehaviour.Environment.EpisodeLength.sum": {
            "value": 41823.0,
            "min": 24161.0,
            "max": 61256.0,
            "count": 52
        },
        "RacingBehaviour.Environment.CumulativeReward.mean": {
            "value": -3.345990366020868,
            "min": -3.471325086057186,
            "max": -3.303037162554466,
            "count": 52
        },
        "RacingBehaviour.Environment.CumulativeReward.sum": {
            "value": -143.87758573889732,
            "min": -208.27950516343117,
            "max": -84.23138619959354,
            "count": 52
        },
        "RacingBehaviour.Policy.ExtrinsicReward.mean": {
            "value": -3.345990366020868,
            "min": -3.471325086057186,
            "max": -3.303037162554466,
            "count": 52
        },
        "RacingBehaviour.Policy.ExtrinsicReward.sum": {
            "value": -143.87758573889732,
            "min": -208.27950516343117,
            "max": -84.23138619959354,
            "count": 52
        }
    },
    "metadata": {
        "timer_format_version": "0.1.0",
        "start_time_seconds": "1762356084",
        "python_version": "3.10.12 | packaged by Anaconda, Inc. | (main, Jul  5 2023, 19:01:18) [MSC v.1916 64 bit (AMD64)]",
        "command_line_arguments": "S:\\FypStuff\\miniconda3\\envs\\mlagents\\Scripts\\mlagents-learn config/RaceCar_config.yaml --run-id=race3 --resume",
        "mlagents_version": "1.2.0.dev0",
        "mlagents_envs_version": "1.2.0.dev0",
        "communication_protocol_version": "1.5.0",
        "pytorch_version": "2.2.2+cu121",
        "numpy_version": "1.23.5",
        "end_time_seconds": "1762359336"
    },
    "total": 3252.6333447,
    "count": 1,
    "self": 0.012061600000379258,
    "children": {
        "run_training.setup": {
            "total": 0.13281159999996817,
            "count": 1,
            "self": 0.13281159999996817
        },
        "TrainerController.start_learning": {
            "total": 3252.4884715,
            "count": 1,
            "self": 1.025835400017968,
            "children": {
                "TrainerController._reset_env": {
                    "total": 14.65649529999996,
                    "count": 1,
                    "self": 14.65649529999996
                },
                "TrainerController.advance": {
                    "total": 3236.6601480999816,
                    "count": 46143,
                    "self": 0.9582494000137558,
                    "children": {
                        "env_step": {
                            "total": 2396.040862099958,
                            "count": 46143,
                            "self": 2241.633024999961,
                            "children": {
                                "SubprocessEnvManager._take_step": {
                                    "total": 153.7415425999826,
                                    "count": 46143,
                                    "self": 3.9203311999776815,
                                    "children": {
                                        "TorchPolicy.evaluate": {
                                            "total": 149.82121140000493,
                                            "count": 44099,
                                            "self": 149.82121140000493
                                        }
                                    }
                                },
                                "workers": {
                                    "total": 0.6662945000140326,
                                    "count": 46142,
                                    "self": 0.0,
                                    "children": {
                                        "worker_root": {
                                            "total": 3170.336452100048,
                                            "count": 46142,
                                            "is_parallel": true,
                                            "self": 1131.1667391000424,