{
    "name": "root",
    "gauges": {
        "RacingBehaviour.Policy.Entropy.mean": {
            "value": 1.1290777921676636,
            "min": 1.1290479898452759,
            "max": 1.1972190141677856,
            "count": 47
        },
        "RacingBehaviour.Policy.Entropy.sum": {
            "value": 56499.0546875,
            "min": 55600.11328125,
            "max": 64362.4921875,
            "count": 47
        },
        "RacingBehaviour.Step.mean": {
            "value": 8599989.0,
            "min": 6299923.0,
            "max": 8599989.0,
            "count": 47
        },
        "RacingBehaviour.Step.sum": {
            "value": 8599989.0,
            "min": 6299923.0,
            "max": 8599989.0,
            "count": 47
        },
        "RacingBehaviour.Policy.ExtrinsicValueEstimate.mean": {
            "value": -0.47293272614479065,
            "min": -0.714892566204071,
            "max": -0.45224279165267944,
            "count": 47
        },
        "RacingBehaviour.Policy.ExtrinsicValueEstimate.sum": {
            "value": -197.21295166015625,
            "min": -276.45269775390625,
            "max": -192.65542602539062,
            "count": 47
        },
        "RacingBehaviour.Losses.PolicyLoss.mean": {
            "value": 0.01538748973204444,
            "min": 0.013675723737105728,
            "max": 0.020652856848513087,
            "count": 47
        },
        "RacingBehaviour.Losses.PolicyLoss.sum": {
            "value": 0.03077497946408888,
            "min": 0.027351447474211456,
            "max": 0.06028119882103055,
            "count": 47
        },
        "RacingBehaviour.Losses.ValueLoss.mean": {
            "value": 0.0028923660671959324,
            "min": 0.0009278563559443379,
            "max": 0.0074003267975058405,
            "count": 47
        },
        "RacingBehaviour.Losses.ValueLoss.sum": {
            "value": 0.005784732134391865,
            "min": 0.0018557127118886759,
            "max": 0.014800653595011681,
            "count": 47
        },
        "RacingBehaviour.Policy.LearningRate.mean": {
            "value": 0.00020713947464421703,
            "min": 0.00020713947464421703,
            "max": 0.00021856439757424602,
            "count": 47
        },
        "RacingBehaviour.Policy.LearningRate.sum": {
            "value": 0.00041427894928843407,
            "min": 0.00041427894928843407,
            "max": 0.0006536694135322501,
            "count": 47
        },
        "RacingBehaviour.Policy.Epsilon.mean": {
            "value": 0.182855783,
            "min": 0.182855783,
            "max": 0.187425754,
            "count": 47
        },
        "RacingBehaviour.Policy.Epsilon.sum": {
            "value": 0.365711566,
            "min": 0.365711566,
            "max": 0.56146775,
            "count": 47
        },
        "RacingBehaviour.Policy.Beta.mean": {
            "value": 0.004144503571700001,
            "min": 0.004144503571700001,
            "max": 0.0043725451246,
            "count": 47
        },
        "RacingBehaviour.Policy.Beta.sum": {
            "value": 0.008289007143400001,
            "min": 0.008289007143400001,
            "max": 0.013077240725000001,
            "count": 47
        },
        "RacingBehaviour.IsTraining.mean": {
            "value": 1.0,
            "min": 1.0,
            "max": 1.0,
            "count": 47
        },
        "RacingBehaviour.IsTraining.sum": {
            "value": 1.0,
            "min": 1.0,
            "max": 1.0,
            "count": 47
        },
        "RacingBehaviour.Environment.EpisodeLength.mean": {
            "value": 1025.5172413793102,
            "min": 1018.6271186440678,
            "max": 1083.35,
            "count": 46
        },
        "RacingBehaviour.Environment.EpisodeLength.sum": {
            "value": 59480.0,
            "min": 3064.0,
            "max": 65001.0,
            "count": 46
        },
        "RacingBehaviour.Environment.CumulativeReward.mean": {
            "value": -3.4926133482106803,
            "min": -3.7831770323216913,
            "max": -3.458688835408223,
            "count": 46
        },
        "RacingBehaviour.Environment.CumulativeReward.sum": {
            "value": -202.57157419621944,
            "min": -226.9906219393015,
            "max": -10.481560409069061,
            "count": 46
        },
        "RacingBehaviour.Policy.ExtrinsicReward.mean": {
            "value": -3.4926133482106803,
            "min": -3.7831770323216913,
            "max": -3.458688835408223,
            "count": 46
        },
        "RacingBehaviour.Policy.ExtrinsicReward.sum": {
            "value": -202.57157419621944,
            "min": -226.9906219393015,
            "max": -10.481560409069061,
            "count": 46
        }
    },
    "metadata": {
        "timer_format_version": "0.1.0",
        "start_time_seconds": "1762270191",
        "python_version": "3.10.12 | packaged by Anaconda, Inc. | (main, Jul  5 2023, 19:01:18) [MSC v.1916 64 bit (AMD64)]",
        "command_line_arguments": "S:\\FypStuff\\miniconda3\\envs\\mlagents\\Scripts\\mlagents-learn config/RaceCar_config.yaml --run-id=race3 --resume",
        "mlagents_version": "1.2.0.dev0",
        "mlagents_envs_version": "1.2.0.dev0",
        "communication_protocol_version": "1.5.0",
        "pytorch_version": "2.2.2+cu121",
        "numpy_version": "1.23.5",
        "end_time_seconds": "1762273133"
    },
    "total": 2941.9353819000003,
    "count": 1,
    "self": 0.009944800000539544,
    "children": {
        "run_training.setup": {
            "total": 0.14432959999999184,
            "count": 1,
            "self": 0.14432959999999184
        },
        "TrainerController.start_learning": {
            "total": 2941.7811075,
            "count": 1,
            "self": 0.9955669000296439,
            "children": {
                "TrainerController._reset_env": {
                    "total": 9.38532090000001,
                    "count": 1,
                    "self": 9.38532090000001
                },
                "TrainerController.advance": {
                    "total": 2931.2952970999704,
                    "count": 41296,
                    "self": 0.888588800008165,
                    "children": {
                        "env_step": {
                            "total": 2080.86309539995,
                            "count": 41296,
                            "self": 1941.5948116999032,
                            "children": {
                                "SubprocessEnvManager._take_step": {
                                    "total": 138.66334569999907,
                                    "count": 41296,
                                    "self": 3.781124799974066,
                                    "children": {
                                        "TorchPolicy.evaluate": {
                                            "total": 134.882220900025,
                                            "count": 39551,
                                            "self": 134.882220900025
                                        }
                                    }
                                },
                                "workers": {
                                    "total": 0.6049380000477527,
                                    "count": 41295,
                                    "self": 0.0,
                                    "children": {
                                        "worker_root": {
                                            "total": 2932.938470800012,
                                            "count": 41295,
                                            "is_parallel": true,
                                            "self": 1117.7990766000094,
                                            "children": {
                                                "steps_from_proto": {
                                                    "total": 0.004724300000020776,