{
    "name": "root",
    "gauges": {
        "RacingBehaviour.Policy.Entropy.mean": {
            "value": 0.937405526638031,
            "min": 0.937405526638031,
            "max": 1.4233039617538452,
            "count": 149
        },
        "RacingBehaviour.Policy.Entropy.sum": {
            "value": 46697.79296875,
            "min": 46673.640625,
            "max": 75639.9921875,
            "count": 149
        },
        "RacingBehaviour.Step.mean": {
            "value": 7449906.0,
            "min": 49970.0,
            "max": 7449906.0,
            "count": 149
        },
        "RacingBehaviour.Step.sum": {
            "value": 7449906.0,
            "min": 49970.0,
            "max": 7449906.0,
            "count": 149
        },
        "RacingBehaviour.Policy.ExtrinsicValueEstimate.mean": {
            "value": 1.416083574295044,
            "min": -1.1640053987503052,
            "max": 1.4973832368850708,
            "count": 149
        },
        "RacingBehaviour.Policy.ExtrinsicValueEstimate.sum": {
            "value": 566.4334106445312,
            "min": -480.7342224121094,
            "max": 591.4663696289062,
            "count": 149
        },
        "RacingBehaviour.Environment.EpisodeLength.mean": {
            "value": 2255.4,
            "min": 715.3333333333334,
            "max": 5299.2,
            "count": 148
        },
        "RacingBehaviour.Environment.EpisodeLength.sum": {
            "value": 56385.0,
            "min": 6438.0,
            "max": 105984.0,
            "count": 148
        },
        "RacingBehaviour.Environment.CumulativeReward.mean": {
            "value": 17.95443575143814,
            "min": -19.73038683177105,
            "max": 17.95443575143814,
            "count": 148
        },
        "RacingBehaviour.Environment.CumulativeReward.sum": {
            "value": 448.8608937859535,
            "min": -690.5635391119868,
            "max": 616.5244663208723,
            "count": 148
        },
        "RacingBehaviour.Policy.ExtrinsicReward.mean": {
            "value": 17.95443575143814,
            "min": -19.73038683177105,
            "max": 17.95443575143814,
            "count": 148
        },
        "RacingBehaviour.Policy.ExtrinsicReward.sum": {
            "value": 448.8608937859535,
            "min": -690.5635391119868,
            "max": 616.5244663208723,
            "count": 148
        },
        "RacingBehaviour.Losses.PolicyLoss.mean": {
            "value": 0.01889853101456538,
            "min": 0.013013810590685656,
            "max": 0.021020704554393886,
            "count": 149
        },
        "RacingBehaviour.Losses.PolicyLoss.sum": {
            "value": 0.03779706202913076,
            "min": 0.02602762118137131,
            "max": 0.061798773868940775,
            "count": 149
        },
        "RacingBehaviour.Losses.ValueLoss.mean": {
            "value": 0.0025052669574506577,
            "min": 0.0023009639175143094,
            "max": 0.02811607952333159,
            "count": 149
        },
        "RacingBehaviour.Losses.ValueLoss.sum": {
            "value": 0.0050105339149013155,
            "min": 0.004601927835028619,
            "max": 0.08434823856999477,
            "count": 149
        },
        "RacingBehaviour.Policy.LearningRate.mean": {
            "value": 0.00021289227234309703,
            "min": 0.00021289227234309703,
            "max": 0.00024981526507389395,
            "count": 149
        },
        "RacingBehaviour.Policy.LearningRate.sum": {
            "value": 0.00042578454468619406,
            "min": 0.00042578454468619406,
            "max": 0.000747441716023314,
            "count": 149
        },
        "RacingBehaviour.Policy.Epsilon.mean": {
            "value": 0.18515690300000004,
            "min": 0.18515690300000004,
            "max": 0.199926106,
            "count": 149
        },
        "RacingBehaviour.Policy.Epsilon.sum": {
            "value": 0.3703138060000001,
            "min": 0.3703138060000001,
            "max": 0.598976686,
            "count": 149
        },
        "RacingBehaviour.Policy.Beta.mean": {
            "value": 0.0042593294596999995,
            "min": 0.0042593294596999995,
            "max": 0.0049963126894,
            "count": 149
        },
        "RacingBehaviour.Policy.Beta.sum": {
            "value": 0.008518658919399999,
            "min": 0.008518658919399999,
            "max": 0.014948936631400001,
            "count": 149
        },
        "RacingBehaviour.IsTraining.mean": {
            "value": 1.0,
            "min": 1.0,
            "max": 1.0,
            "count": 149
        },
        "RacingBehaviour.IsTraining.sum": {
            "value": 1.0,
            "min": 1.0,
            "max": 1.0,
            "count": 149
        }
    },
    "metadata": {
        "timer_format_version": "0.1.0",
        "start_time_seconds": "1762609685",
        "python_version": "3.10.12 | packaged by Anaconda, Inc. | (main, Jul  5 2023, 19:01:18) [MSC v.1916 64 bit (AMD64)]",
        "command_line_arguments": "S:\\FypStuff\\miniconda3\\envs\\mlagents\\Scripts\\mlagents-learn config/RaceCar_config.yaml --run-id=race3 --force",
        "mlagents_version": "1.2.0.dev0",
        "mlagents_envs_version": "1.2.0.dev0",
        "communication_protocol_version": "1.5.0",
        "pytorch_version": "2.2.2+cu121",
        "numpy_version": "1.23.5",
        "end_time_seconds": "1762620295"
    },
    "total": 10609.5005626,
    "count": 1,
    "self": 0.006200000001626904,
    "children": {
        "run_training.setup": {
            "total": 0.0934359000002587,
            "count": 1,
            "self": 0.0934359000002587
        },
        "TrainerController.start_learning": {
            "total": 10609.400926699998,
            "count": 1,
            "self": 3.3389879004262184,
            "children": {
                "TrainerController._reset_env": {
                    "total": 10.214740999999776,
                    "count": 1,
                    "self": 10.214740999999776
                },
                "TrainerController.advance": {
                    "total": 10595.74293409957,
                    "count": 145857,
                    "self": 3.374724200453784,
                    "children": {
                        "env_step": {
                            "total": 8247.972823299357,
                            "count": 145857,
                            "self": 7774.9191244988415,
                            "children": {
                                "SubprocessEnvManager._take_step": {
                                    "total": 470.99616840038107,
                                    "count": 145857,
                                    "self": 12.122895800626793,
                                    "children": {
                                        "TorchPolicy.evaluate": {
                                            "total": 458.8732725997543,
                                            "count": 144246,
                                            "self": 458.8732725997543
                                        }
                                    }
                                },
                                "workers": {
                                    "total": 2.0575304001340555,
                                    "count": 145856,
                                    "self": 0.0,
                                    "children": {
                                        "worker_root": {
                                            "total": 10595.697741500528,
                                            "count": 145856,
                                            "is_parallel": true,
                                            "self": 3198.6369784005783,