{
    "name": "root",
    "gauges": {
        "Pong.Policy.Entropy.mean": {
            "value": 0.3422718346118927,
            "min": 0.3015593886375427,
            "max": 1.0259934663772583,
            "count": 80
        },
        "Pong.Policy.Entropy.sum": {
            "value": 17270.009765625,
            "min": 15282.7275390625,
            "max": 52276.41796875,
            "count": 80
        },
        "Pong.Step.mean": {
            "value": 3999994.0,
            "min": 49967.0,
            "max": 3999994.0,
            "count": 80
        },
        "Pong.Step.sum": {
            "value": 3999994.0,
            "min": 49967.0,
            "max": 3999994.0,
            "count": 80
        },
        "Pong.Policy.ExtrinsicValueEstimate.mean": {
            "value": 11.225015640258789,
            "min": -4.8111162185668945,
            "max": 11.709935188293457,
            "count": 80
        },
        "Pong.Policy.ExtrinsicValueEstimate.sum": {
            "value": 8856.537109375,
            "min": -3829.648681640625,
            "max": 9239.138671875,
            "count": 80
        },
        "Pong.Environment.EpisodeLength.mean": {
            "value": 602.4117647058823,
            "min": 344.88235294117646,
            "max": 917.8571428571429,
            "count": 80
        },
        "Pong.Environment.EpisodeLength.sum": {
            "value": 10241.0,
            "min": 5863.0,
            "max": 24164.0,
            "count": 80
        },
        "Pong.Self-play.ELO.mean": {
            "value": 155.40880355855737,
            "min": 155.40880355855737,
            "max": 1181.5197868772425,
            "count": 80
        },
        "Pong.Self-play.ELO.sum": {
            "value": 2641.949660495475,
            "min": 2167.264306853206,
            "max": 44618.58566279828,
            "count": 80
        },
        "Pong.Environment.CumulativeReward.mean": {
            "value": 69.43337593709721,
            "min": 4.232518637791658,
            "max": 103.56048854986827,
            "count": 80
        },
        "Pong.Environment.CumulativeReward.sum": {
            "value": 1180.3673909306526,
            "min": 165.06822687387466,
            "max": 1557.6891555190086,
            "count": 80
        },
        "Pong.Policy.ExtrinsicReward.mean": {
            "value": 69.43337593709721,
            "min": 4.232518637791658,
            "max": 103.56048854986827,
            "count": 80
        },
        "Pong.Policy.ExtrinsicReward.sum": {
            "value": 1180.3673909306526,
            "min": 165.06822687387466,
            "max": 1557.6891555190086,
            "count": 80
        },
        "Pong.Losses.PolicyLoss.mean": {
            "value": 0.025233761542476713,
            "min": 0.020678877920533217,
            "max": 0.02800211879851607,
            "count": 80
        },
        "Pong.Losses.PolicyLoss.sum": {
            "value": 0.12616880771238356,
            "min": 0.08558802229041856,
            "max": 0.13373025433781247,
            "count": 80
        },
        "Pong.Losses.ValueLoss.mean": {
            "value": 1.5866589776674906,
            "min": 1.1412987490495046,
            "max": 2.514484458168348,
            "count": 80
        },
        "Pong.Losses.ValueLoss.sum": {
            "value": 7.933294888337453,
            "min": 4.565194996198018,
            "max": 10.057937832673392,
            "count": 80
        },
        "Pong.Policy.LearningRate.mean": {
            "value": 1.9513143495949955e-06,
            "min": 1.9513143495949955e-06,
            "max": 0.0002980149944116687,
            "count": 80
        },
        "Pong.Policy.LearningRate.sum": {
            "value": 9.756571747974976e-06,
            "min": 9.756571747974976e-06,
            "max": 0.0014723109842296747,
            "count": 80
        },
        "Pong.Policy.Epsilon.mean": {
            "value": 0.10065040500000003,
            "min": 0.10065040500000003,
            "max": 0.19933833125000003,
            "count": 80
        },
        "Pong.Policy.Epsilon.sum": {
            "value": 0.5032520250000001,
            "min": 0.412503775,
            "max": 0.990770325,
            "count": 80
        },
        "Pong.Policy.Beta.mean": {
            "value": 4.245520949999993e-05,
            "min": 4.245520949999993e-05,
            "max": 0.004966982729375001,
            "count": 80
        },
        "Pong.Policy.Beta.sum": {
            "value": 0.00021227604749999963,
            "min": 0.00021227604749999963,
            "max": 0.024539439217499997,
            "count": 80
        },
        "Pong.IsTraining.mean": {
            "value": 1.0,
            "min": 1.0,
            "max": 1.0,
            "count": 80
        },
        "Pong.IsTraining.sum": {
            "value": 1.0,
            "min": 1.0,
            "max": 1.0,
            "count": 80
        }
    },
    "metadata": {
        "timer_format_version": "0.1.0",
        "start_time_seconds": "1762764617",
        "python_version": "3.10.12 | packaged by Anaconda, Inc. | (main, Jul  5 2023, 19:01:18) [MSC v.1916 64 bit (AMD64)]",
        "command_line_arguments": "C:\\Users\\233147H\\.conda\\envs\\mlagents\\Scripts\\mlagents-learn Config/pong_config.yaml --run-id=EasyPongAI --force",
        "mlagents_version": "1.2.0.dev0",
        "mlagents_envs_version": "1.2.0.dev0",
        "communication_protocol_version": "1.5.0",
        "pytorch_version": "2.2.2+cu121",
        "numpy_version": "1.23.5",
        "end_time_seconds": "1762770876"
    },
    "total": 6258.281189499998,
    "count": 1,
    "self": 0.01149250000162283,
    "children": {
        "run_training.setup": {
            "total": 0.1317641999994521,
            "count": 1,
            "self": 0.1317641999994521
        },
        "TrainerController.start_learning": {
            "total": 6258.137932799997,
            "count": 1,
            "self": 8.544038199841452,
            "children": {
                "TrainerController._reset_env": {
                    "total": 20.015116400034458,
                    "count": 395,
                    "self": 20.015116400034458
                },
                "TrainerController.advance": {
                    "total": 6229.517597300117,
                    "count": 505643,
                    "self": 8.423026604254119,
                    "children": {
                        "env_step": {
                            "total": 5512.808565898067,
                            "count": 505643,
                            "self": 3951.963236798332,
                            "children": {
                                "SubprocessEnvManager._take_step": {
                                    "total": 1555.3830429998306,
                                    "count": 505643,
                                    "self": 25.173826299604116,
                                    "children": {
                                        "TorchPolicy.evaluate": {
                                            "total": 1530.2092167002265,
                                            "count": 505642,
                                            "self": 1530.2092167002265
                                        }
                                    }
                                },
                                "workers": {
                                    "total": 5.462286099904304,
                                    "count": 505643,
                                    "self": 0.0,
                                    "children": {
                                        "worker_root": {
                                            "total": 6230.305782699816,
                                            "count": 505643,
                                            "is_parallel": true,
                                            "self": 2750.378608599356,