{
    "name": "root",
    "metadata": {
        "timer_format_version": "0.1.0",
        "start_time_seconds": "1756970832",
        "python_version": "3.10.12 | packaged by Anaconda, Inc. | (main, Jul  5 2023, 19:01:18) [MSC v.1916 64 bit (AMD64)]",
        "command_line_arguments": "C:\\Users\\Esmond\\miniconda3\\envs\\mlagents\\Scripts\\mlagents-learn --run-id=BallerAI --force",
        "mlagents_version": "1.1.0",
        "mlagents_envs_version": "1.1.0",
        "communication_protocol_version": "1.5.0",
        "pytorch_version": "2.2.2+cu121",
        "numpy_version": "1.23.5",
        "end_time_seconds": "1756971348"
    },
    "total": 516.1086722999971,
    "count": 1,
    "self": 0.015935499999613967,
    "children": {
        "run_training.setup": {
            "total": 0.023704999999608845,
            "count": 1,
            "self": 0.023704999999608845
        },
        "TrainerController.start_learning": {
            "total": 516.0690317999979,
            "count": 1,
            "self": 0.03332829987630248,
            "children": {
                "TrainerController._reset_env": {
                    "total": 23.637256699999853,
                    "count": 1,
                    "self": 23.637256699999853
                },
                "TrainerController.advance": {
                    "total": 492.06822770011786,
                    "count": 587,
                    "self": 0.03092480034683831,
                    "children": {
                        "env_step": {
                            "total": 491.72947569987446,
                            "count": 587,
                            "self": 484.9173158997728,
                            "children": {
                                "SubprocessEnvManager._take_step": {
                                    "total": 6.792692900089605,
                                    "count": 587,
                                    "self": 0.08870660015963949,
                                    "children": {
                                        "TorchPolicy.evaluate": {
                                            "total": 6.703986299929966,
                                            "count": 578,
                                            "self": 6.703986299929966
                                        }
                                    }
                                },
                                "workers": {
                                    "total": 0.019466900012048427,
                                    "count": 586,
                                    "self": 0.0,
                                    "children": {
                                        "worker_root": {
                                            "total": 489.39799189997575,
                                            "count": 586,
                                            "is_parallel": true,
                                            "self": 10.59023179995711,
                                            "children": {
                                                "steps_from_proto": {
                                                    "total": 0.000302100001135841,
                                                    "count": 1,
                                                    "is_parallel": true,
                                                    "self": 0.00015490000077988952,
                                                    "children": {
                                                        "_process_rank_one_or_two_observation": {
                                                            "total": 0.0001472000003559515,
                                                            "count": 2,
                                                            "is_parallel": true,
                                                            "self": 0.0001472000003559515
                                                        }
                                                    }
                                                },
                                                "UnityEnvironment.step": {
                                                    "total": 478.8074580000175,
                                                    "count": 586,
                                                    "is_parallel": true,
                                                    "self": 0.05416319992218632,
                                                    "children": {
                                                        "UnityEnvironment._generate_step_input": {
                                                            "total": 0.0496707999627688,
                                                            "count": 586,
                                                            "is_parallel": true,
                                                            "self": 0.0496707999627688
                                                        },
                                                        "communicator.exchange": {
                                                            "total": 478.5555622000538,
                                                            "count": 586,
                                                            "is_parallel": true,
                                                            "self": 478.5555622000538
                                                        },
                                                        "steps_from_proto": {
                                                            "total": 0.14806180007872172,
                                                            "count": 586,
                                                            "is_parallel": true,
                                                            "self": 0.08242100005008979,
                                                            "children": {
                                                                "_process_rank_one_or_two_observation": {
                                                                    "total": 0.06564080002863193,
                                                                    "count": 1172,
                                                                    "is_parallel": true,
                                                                    "self": 0.06564080002863193
                                                                }
                                                            }
                                                        }
                                                    }
                                                }
                                            }
                                        }
                                    }
                                }
                            }
                        },
                        "trainer_advance": {
                            "total": 0.3078271998965647,
                            "count": 586,
                            "self": 0.03200079999078298,
                            "children": {
                                "process_trajectory": {
                                    "total": 0.2758263999057817,
                                    "count": 586,
                                    "self": 0.2758263999057817
                                }
                            }
                        }
                    }
                },
                "trainer_threads": {
                    "total": 3.6999990697950125e-06,
                    "count": 1,
                    "self": 3.6999990697950125e-06
                },
                "TrainerController._save_models": {
                    "total": 0.33021540000481764,
                    "count": 1,
                    "self": 0.02862670000467915,