{
    "name": "root",
    "metadata": {
        "timer_format_version": "0.1.0",
        "start_time_seconds": "1758609713",
        "python_version": "3.10.12 | packaged by Anaconda, Inc. | (main, Jul  5 2023, 19:01:18) [MSC v.1916 64 bit (AMD64)]",
        "command_line_arguments": "C:\\Users\\Esmond\\miniconda3\\envs\\mlagents\\Scripts\\mlagents-learn Config/dodgeball_config.yaml --run-id=BallerAI --force",
        "mlagents_version": "1.1.0",
        "mlagents_envs_version": "1.1.0",
        "communication_protocol_version": "1.5.0",
        "pytorch_version": "2.2.2+cu121",
        "numpy_version": "1.23.5",
        "end_time_seconds": "1758609848"
    },
    "total": 134.63654789992142,
    "count": 1,
    "self": 0.01957909995689988,
    "children": {
        "run_training.setup": {
            "total": 0.07663699996192008,
            "count": 1,
            "self": 0.07663699996192008
        },
        "TrainerController.start_learning": {
            "total": 134.5403318000026,
            "count": 1,
            "self": 0.03732629748992622,
            "children": {
                "TrainerController._reset_env": {
                    "total": 26.93371280003339,
                    "count": 1,
                    "self": 26.93371280003339
                },
                "TrainerController.advance": {
                    "total": 107.26503330247942,
                    "count": 809,
                    "self": 0.037079501315020025,
                    "children": {
                        "env_step": {
                            "total": 106.9876407008851,
                            "count": 809,
                            "self": 98.97561080544256,
                            "children": {
                                "SubprocessEnvManager._take_step": {
                                    "total": 7.990147397504188,
                                    "count": 809,
                                    "self": 0.10393589758314192,
                                    "children": {
                                        "TorchPolicy.evaluate": {
                                            "total": 7.886211499921046,
                                            "count": 807,
                                            "self": 7.886211499921046
                                        }
                                    }
                                },
                                "workers": {
                                    "total": 0.021882497938349843,
                                    "count": 808,
                                    "self": 0.0,
                                    "children": {
                                        "worker_root": {
                                            "total": 46.803738897433504,
                                            "count": 808,
                                            "is_parallel": true,
                                            "self": 12.085468798410147,
                                            "children": {
                                                "steps_from_proto": {
                                                    "total": 0.000471699982881546,
                                                    "count": 1,
                                                    "is_parallel": true,
                                                    "self": 0.000268499949015677,
                                                    "children": {
                                                        "_process_rank_one_or_two_observation": {
                                                            "total": 0.00020320003386586905,
                                                            "count": 2,
                                                            "is_parallel": true,
                                                            "self": 0.00020320003386586905
                                                        }
                                                    }
                                                },
                                                "UnityEnvironment.step": {
                                                    "total": 34.717798399040475,
                                                    "count": 808,
                                                    "is_parallel": true,
                                                    "self": 0.06316079618409276,
                                                    "children": {
                                                        "UnityEnvironment._generate_step_input": {
                                                            "total": 0.05958630074746907,
                                                            "count": 808,
                                                            "is_parallel": true,
                                                            "self": 0.05958630074746907
                                                        },
                                                        "communicator.exchange": {
                                                            "total": 34.420239499770105,
                                                            "count": 808,
                                                            "is_parallel": true,
                                                            "self": 34.420239499770105
                                                        },
                                                        "steps_from_proto": {
                                                            "total": 0.17481180233880877,
                                                            "count": 808,
                                                            "is_parallel": true,
                                                            "self": 0.09495250298641622,
                                                            "children": {
                                                                "_process_rank_one_or_two_observation": {
                                                                    "total": 0.07985929935239255,
                                                                    "count": 1616,
                                                                    "is_parallel": true,
                                                                    "self": 0.07985929935239255
                                                                }
                                                            }
                                                        }
                                                    }
                                                }
                                            }
                                        }
                                    }
                                }
                            }
                        },
                        "trainer_advance": {
                            "total": 0.24031310027930886,
                            "count": 808,
                            "self": 0.07942709769122303,
                            "children": {
                                "process_trajectory": {
                                    "total": 0.16088600258808583,
                                    "count": 808,
                                    "self": 0.16088600258808583
                                }
                            }
                        }
                    }
                },
                "TrainerController._save_models": {
                    "total": 0.3042593999998644,
                    "count": 1,
                    "self": 0.04209629993420094,
                    "children": {
                        "RLTrainer._checkpoint": {
                            "total": 0.26216310006566346,
                            "count": 1,