{
    "name": "root",
    "gauges": {
        "Spikeball.Policy.Entropy.mean": {
            "value": 2.772714614868164,
            "min": 2.772714614868164,
            "max": 2.789919376373291,
            "count": 3
        },
        "Spikeball.Policy.Entropy.sum": {
            "value": 138630.1875,
            "min": 138630.1875,
            "max": 140701.21875,
            "count": 3
        },
        "Spikeball.Step.mean": {
            "value": 149969.0,
            "min": 49961.0,
            "max": 149969.0,
            "count": 3
        },
        "Spikeball.Step.sum": {
            "value": 149969.0,
            "min": 49961.0,
            "max": 149969.0,
            "count": 3
        },
        "Spikeball.Policy.ExtrinsicValueEstimate.mean": {
            "value": 30.410316467285156,
            "min": 12.417737007141113,
            "max": 30.410316467285156,
            "count": 3
        },
        "Spikeball.Policy.ExtrinsicValueEstimate.sum": {
            "value": 25331.79296875,
            "min": 10244.6328125,
            "max": 25331.79296875,
            "count": 3
        },
        "Spikeball.Environment.EpisodeLength.mean": {
            "value": 534.8210526315789,
            "min": 507.9340659340659,
            "max": 609.6125,
            "count": 3
        },
        "Spikeball.Environment.EpisodeLength.sum": {
            "value": 50808.0,
            "min": 46222.0,
            "max": 50808.0,
            "count": 3
        },
        "Spikeball.Environment.CumulativeReward.mean": {
            "value": 224.6844270103856,
            "min": 210.46198302834898,
            "max": 262.25488086938856,
            "count": 3
        },
        "Spikeball.Environment.CumulativeReward.sum": {
            "value": 21345.020565986633,
            "min": 19152.040455579758,
            "max": 21345.020565986633,
            "count": 3
        },
        "Spikeball.Policy.ExtrinsicReward.mean": {
            "value": 224.6844270103856,
            "min": 210.46198302834898,
            "max": 262.25488086938856,
            "count": 3
        },
        "Spikeball.Policy.ExtrinsicReward.sum": {
            "value": 21345.020565986633,
            "min": 19152.040455579758,
            "max": 21345.020565986633,
            "count": 3
        },
        "Spikeball.Losses.PolicyLoss.mean": {
            "value": 0.021771208800831422,
            "min": 0.021463362497161142,
            "max": 0.021771208800831422,
            "count": 3
        },
        "Spikeball.Losses.PolicyLoss.sum": {
            "value": 0.1088560440041571,
            "min": 0.08585344998864457,
            "max": 0.1088560440041571,
            "count": 3
        },
        "Spikeball.Losses.ValueLoss.mean": {
            "value": 23.293924032847087,
            "min": 15.085380983352662,
            "max": 23.293924032847087,
            "count": 3
        },
        "Spikeball.Losses.ValueLoss.sum": {
            "value": 116.46962016423544,
            "min": 60.34152393341065,
            "max": 116.46962016423544,
            "count": 3
        },
        "Spikeball.Policy.LearningRate.mean": {
            "value": 0.00028149672616775993,
            "min": 0.00028149672616775993,
            "max": 0.00029614781378406246,
            "count": 3
        },
        "Spikeball.Policy.LearningRate.sum": {
            "value": 0.0014074836308387998,
            "min": 0.0011845912551362498,
            "max": 0.0014460807179730998,
            "count": 3
        },
        "Spikeball.Policy.Epsilon.mean": {
            "value": 0.19383223999999996,
            "min": 0.19383223999999996,
            "max": 0.19871593750000002,
            "count": 3
        },
        "Spikeball.Policy.Epsilon.sum": {
            "value": 0.9691611999999998,
            "min": 0.7948637500000001,
            "max": 0.9820269000000003,
            "count": 3
        },
        "Spikeball.Policy.Beta.mean": {
            "value": 0.004692228776,
            "min": 0.004692228776,
            "max": 0.00493592528125,
            "count": 3
        },
        "Spikeball.Policy.Beta.sum": {
            "value": 0.02346114388,
            "min": 0.019743701125,
            "max": 0.02410314231,
            "count": 3
        },
        "Spikeball.IsTraining.mean": {
            "value": 1.0,
            "min": 1.0,
            "max": 1.0,
            "count": 3
        },
        "Spikeball.IsTraining.sum": {
            "value": 1.0,
            "min": 1.0,
            "max": 1.0,
            "count": 3
        }
    },
    "metadata": {
        "timer_format_version": "0.1.0",
        "start_time_seconds": "1758177889",
        "python_version": "3.10.12 | packaged by Anaconda, Inc. | (main, Jul  5 2023, 19:01:18) [MSC v.1916 64 bit (AMD64)]",
        "command_line_arguments": "C:\\Users\\Esmond\\miniconda3\\envs\\mlagents\\Scripts\\mlagents-learn Config/spikeball_config.yaml --run-id=BallerAI --force",
        "mlagents_version": "1.1.0",
        "mlagents_envs_version": "1.1.0",
        "communication_protocol_version": "1.5.0",
        "pytorch_version": "2.2.2+cu121",
        "numpy_version": "1.23.5",
        "end_time_seconds": "1758178383"
    },
    "total": 493.85654799998156,
    "count": 1,
    "self": 0.020669299963628873,
    "children": {
        "run_training.setup": {
            "total": 0.08065240000723861,
            "count": 1,
            "self": 0.08065240000723861
        },
        "TrainerController.start_learning": {
            "total": 493.7552263000107,
            "count": 1,
            "self": 0.6123864008695818,
            "children": {
                "TrainerController._reset_env": {
                    "total": 18.424675999995088,
                    "count": 1,
                    "self": 18.424675999995088
                },
                "TrainerController.advance": {
                    "total": 474.42283699914697,
                    "count": 14022,
                    "self": 0.6107693025260232,
                    "children": {
                        "env_step": {
                            "total": 342.0440529975167,
                            "count": 14022,
                            "self": 199.02402909609373,
                            "children": {
                                "SubprocessEnvManager._take_step": {
                                    "total": 142.62982250243658,
                                    "count": 14022,
                                    "self": 1.9829685052973218,
                                    "children": {
                                        "TorchPolicy.evaluate": {
                                            "total": 140.64685399713926,
                                            "count": 13788,
                                            "self": 140.64685399713926
                                        }
                                    }
                                },
                                "workers": {
                                    "total": 0.3902013989863917,
                                    "count": 14021,
                                    "self": 0.0,
                                    "children": {
                                        "worker_root": {
                                            "total": 414.12939700015704,
                                            "count": 14021,
                                            "is_parallel": true,
                                            "self": 320.17877009909716,
                                            "children": {
                                                "steps_from_proto": {
                                                    "total": 0.00048000001697801054,
                                                    "count": 1,
                                                    "is_parallel": true,