{
    "name": "root",
    "gauges": {
        "Baller.Policy.Entropy.mean": {
            "value": 1.418938159942627,
            "min": 1.418938159942627,
            "max": 1.4189385175704956,
            "count": 5
        },
        "Baller.Policy.Entropy.sum": {
            "value": 1414.681396484375,
            "min": 1377.7890625,
            "max": 1705.5640869140625,
            "count": 5
        },
        "Baller.Environment.EpisodeLength.mean": {
            "value": 141.0,
            "min": 65.33333333333333,
            "max": 153.5,
            "count": 5
        },
        "Baller.Environment.EpisodeLength.sum": {
            "value": 282.0,
            "min": 282.0,
            "max": 697.0,
            "count": 5
        },
        "Baller.Step.mean": {
            "value": 4983.0,
            "min": 959.0,
            "max": 4983.0,
            "count": 5
        },
        "Baller.Step.sum": {
            "value": 4983.0,
            "min": 959.0,
            "max": 4983.0,
            "count": 5
        },
        "Baller.Policy.ExtrinsicValueEstimate.mean": {
            "value": 2.433926582336426,
            "min": 1.10923433303833,
            "max": 2.735639810562134,
            "count": 5
        },
        "Baller.Policy.ExtrinsicValueEstimate.sum": {
            "value": 43.81067657470703,
            "min": 18.856983184814453,
            "max": 46.50587844848633,
            "count": 5
        },
        "Baller.Environment.CumulativeReward.mean": {
            "value": -182.65000307559967,
            "min": -359.20000743865967,
            "max": -89.99999618530273,
            "count": 5
        },
        "Baller.Environment.CumulativeReward.sum": {
            "value": -730.6000123023987,
            "min": -997.7999849319458,
            "max": -359.99998474121094,
            "count": 5
        },
        "Baller.Policy.ExtrinsicReward.mean": {
            "value": -182.65000307559967,
            "min": -359.20000743865967,
            "max": -89.99999618530273,
            "count": 5
        },
        "Baller.Policy.ExtrinsicReward.sum": {
            "value": -730.6000123023987,
            "min": -997.7999849319458,
            "max": -359.99998474121094,
            "count": 5
        },
        "Baller.IsTraining.mean": {
            "value": 1.0,
            "min": 1.0,
            "max": 1.0,
            "count": 5
        },
        "Baller.IsTraining.sum": {
            "value": 1.0,
            "min": 1.0,
            "max": 1.0,
            "count": 5
        }
    },
    "metadata": {
        "timer_format_version": "0.1.0",
        "start_time_seconds": "1757667356",
        "python_version": "3.10.12 | packaged by Anaconda, Inc. | (main, Jul  5 2023, 19:01:18) [MSC v.1916 64 bit (AMD64)]",
        "command_line_arguments": "C:\\Users\\Esmond\\miniconda3\\envs\\mlagents\\Scripts\\mlagents-learn Config/baller_config.yaml --run-id=BallerAI --force",
        "mlagents_version": "1.1.0",
        "mlagents_envs_version": "1.1.0",
        "communication_protocol_version": "1.5.0",
        "pytorch_version": "2.2.2+cu121",
        "numpy_version": "1.23.5",
        "end_time_seconds": "1757668096"
    },
    "total": 739.530492299993,
    "count": 1,
    "self": 0.027273999934550375,
    "children": {
        "run_training.setup": {
            "total": 0.0745516000315547,
            "count": 1,
            "self": 0.0745516000315547
        },
        "TrainerController.start_learning": {
            "total": 739.428666700027,
            "count": 1,
            "self": 0.28020590473897755,
            "children": {
                "TrainerController._reset_env": {
                    "total": 21.71366869995836,
                    "count": 1,
                    "self": 21.71366869995836
                },
                "TrainerController.advance": {
                    "total": 717.0460800954024,
                    "count": 5559,
                    "self": 0.27620369935175404,
                    "children": {
                        "env_step": {
                            "total": 715.0918699975591,
                            "count": 5559,
                            "self": 681.1832281954121,
                            "children": {
                                "SubprocessEnvManager._take_step": {
                                    "total": 33.735693400667515,
                                    "count": 5559,
                                    "self": 0.8021897003054619,
                                    "children": {
                                        "TorchPolicy.evaluate": {
                                            "total": 32.93350370036205,
                                            "count": 5549,
                                            "self": 32.93350370036205
                                        }
                                    }
                                },
                                "workers": {
                                    "total": 0.17294840147951618,
                                    "count": 5558,
                                    "self": 0.0,
                                    "children": {
                                        "worker_root": {
                                            "total": 714.6006403999054,
                                            "count": 5558,
                                            "is_parallel": true,
                                            "self": 49.655523898487445,
                                            "children": {
                                                "steps_from_proto": {
                                                    "total": 0.00033959996653720737,
                                                    "count": 1,
                                                    "is_parallel": true,
                                                    "self": 0.00015249999705702066,
                                                    "children": {
                                                        "_process_rank_one_or_two_observation": {
                                                            "total": 0.0001870999694801867,
                                                            "count": 2,
                                                            "is_parallel": true,
                                                            "self": 0.0001870999694801867
                                                        }
                                                    }
                                                },
                                                "UnityEnvironment.step": {
                                                    "total": 664.9447769014514,
                                                    "count": 5558,
                                                    "is_parallel": true,
                                                    "self": 0.4956045981962234,
                                                    "children": {
                                                        "UnityEnvironment._generate_step_input": {
                                                            "total": 0.418655700981617,
                                                            "count": 5558,
                                                            "is_parallel": true,
                                                            "self": 0.418655700981617
                                                        },
                                                        "communicator.exchange": {
                                                            "total": 662.9590343025629,
                                                            "count": 5558,
                                                            "is_parallel": true,