{
    "name": "root",
    "gauges": {
        "Dodgeball.Policy.Entropy.mean": {
            "value": 2.246112823486328,
            "min": 1.7489818334579468,
            "max": 2.8238680362701416,
            "count": 35
        },
        "Dodgeball.Policy.Entropy.sum": {
            "value": 11288.962890625,
            "min": 1457.115966796875,
            "max": 12877.61328125,
            "count": 35
        },
        "Dodgeball.Step.mean": {
            "value": 394965.0,
            "min": 224980.0,
            "max": 394965.0,
            "count": 35
        },
        "Dodgeball.Step.sum": {
            "value": 394965.0,
            "min": 224980.0,
            "max": 394965.0,
            "count": 35
        },
        "Dodgeball.Policy.ExtrinsicValueEstimate.mean": {
            "value": 14.65986156463623,
            "min": -6.267014503479004,
            "max": 14.65986156463623,
            "count": 35
        },
        "Dodgeball.Policy.ExtrinsicValueEstimate.sum": {
            "value": 1158.1290283203125,
            "min": -488.8271179199219,
            "max": 1158.1290283203125,
            "count": 35
        },
        "Dodgeball.IsTraining.mean": {
            "value": 1.0,
            "min": 1.0,
            "max": 1.0,
            "count": 35
        },
        "Dodgeball.IsTraining.sum": {
            "value": 1.0,
            "min": 1.0,
            "max": 1.0,
            "count": 35
        },
        "Dodgeball.Losses.PolicyLoss.mean": {
            "value": 0.01712400484830141,
            "min": 0.01712400484830141,
            "max": 0.03549813131491343,
            "count": 16
        },
        "Dodgeball.Losses.PolicyLoss.sum": {
            "value": 0.01712400484830141,
            "min": 0.01712400484830141,
            "max": 0.03549813131491343,
            "count": 16
        },
        "Dodgeball.Losses.ValueLoss.mean": {
            "value": 12.12287524541219,
            "min": 1.9565157890319824,
            "max": 14.541944821675619,
            "count": 16
        },
        "Dodgeball.Losses.ValueLoss.sum": {
            "value": 12.12287524541219,
            "min": 1.9565157890319824,
            "max": 14.541944821675619,
            "count": 16
        },
        "Dodgeball.Policy.LearningRate.mean": {
            "value": 0.0002415669194777,
            "min": 0.0002415669194777,
            "max": 0.0002647362117545999,
            "count": 16
        },
        "Dodgeball.Policy.LearningRate.sum": {
            "value": 0.0002415669194777,
            "min": 0.0002415669194777,
            "max": 0.0002647362117545999,
            "count": 16
        },
        "Dodgeball.Policy.Epsilon.mean": {
            "value": 0.18052229999999997,
            "min": 0.18052229999999997,
            "max": 0.18824539999999992,
            "count": 16
        },
        "Dodgeball.Policy.Epsilon.sum": {
            "value": 0.18052229999999997,
            "min": 0.18052229999999997,
            "max": 0.18824539999999992,
            "count": 16
        },
        "Dodgeball.Policy.Beta.mean": {
            "value": 0.004028062770000002,
            "min": 0.004028062770000002,
            "max": 0.00441344546,
            "count": 16
        },
        "Dodgeball.Policy.Beta.sum": {
            "value": 0.004028062770000002,
            "min": 0.004028062770000002,
            "max": 0.00441344546,
            "count": 16
        },
        "Dodgeball.Environment.EpisodeLength.mean": {
            "value": 1569.5,
            "min": 142.0,
            "max": 2448.0,
            "count": 22
        },
        "Dodgeball.Environment.EpisodeLength.sum": {
            "value": 3139.0,
            "min": 245.0,
            "max": 6164.0,
            "count": 22
        },
        "Dodgeball.Self-play.ELO.mean": {
            "value": 1105.6297471277398,
            "min": 1105.6297471277398,
            "max": 1144.5651141438332,
            "count": 22
        },
        "Dodgeball.Self-play.ELO.sum": {
            "value": 2211.2594942554797,
            "min": 1107.1271863920574,
            "max": 4550.299616272162,
            "count": 22
        },
        "Dodgeball.Environment.CumulativeReward.mean": {
            "value": 289.2305828630924,
            "min": -355.40267419815063,
            "max": 894.6017075181007,
            "count": 22
        },
        "Dodgeball.Environment.CumulativeReward.sum": {
            "value": 578.4611657261848,
            "min": -682.0653042197227,
            "max": 894.6017075181007,
            "count": 22
        },
        "Dodgeball.Policy.ExtrinsicReward.mean": {
            "value": 289.2305828630924,
            "min": -355.40267419815063,
            "max": 894.6017075181007,
            "count": 22
        },
        "Dodgeball.Policy.ExtrinsicReward.sum": {
            "value": 578.4611657261848,
            "min": -682.0653042197227,
            "max": 894.6017075181007,
            "count": 22
        }
    },
    "metadata": {
        "timer_format_version": "0.1.0",
        "start_time_seconds": "1759134904",
        "python_version": "3.10.12 | packaged by Anaconda, Inc. | (main, Jul  5 2023, 19:01:18) [MSC v.1916 64 bit (AMD64)]",
        "command_line_arguments": "C:\\Users\\Esmond\\miniconda3\\envs\\mlagents\\Scripts\\mlagents-learn Config/dodgeball_config.yaml --run-id=BallerAI --resume",
        "mlagents_version": "1.1.0",
        "mlagents_envs_version": "1.1.0",
        "communication_protocol_version": "1.5.0",
        "pytorch_version": "2.2.2+cu121",
        "numpy_version": "1.23.5",
        "end_time_seconds": "1759135981"
    },
    "total": 1076.789656399982,
    "count": 1,
    "self": 0.022979500237852335,
    "children": {
        "run_training.setup": {
            "total": 0.11927189980633557,
            "count": 1,
            "self": 0.11927189980633557
        },
        "TrainerController.start_learning": {
            "total": 1076.6474049999379,
            "count": 1,
            "self": 2.0396789009682834,
            "children": {
                "TrainerController._reset_env": {
                    "total": 20.884136099833995,
                    "count": 19,
                    "self": 20.884136099833995
                },
                "TrainerController.advance": {
                    "total": 1053.3232002991717,
                    "count": 43652,
                    "self": 1.9527660850435495,
                    "children": {
                        "env_step": {
                            "total": 935.7853139170911,
                            "count": 43652,
                            "self": 480.9122679361608,
                            "children": {
                                "SubprocessEnvManager._take_step": {
                                    "total": 453.6022779010236,
                                    "count": 43652,
                                    "self": 6.165906777372584,
                                    "children": {
                                        "TorchPolicy.evaluate": {
                                            "total": 447.43637112365104,
                                            "count": 43652,
                                            "self": 447.43637112365104
                                        }
                                    }
                                },
                                "workers": {
                                    "total": 1.270768079906702,
                                    "count": 43651,
                                    "self": 0.0,
                                    "children": {
                                        "worker_root": {
                                            "total": 994.6780975549482,
                                            "count": 43651,
                                            "is_parallel": true,
                                            "self": 677.218833682593,