{
    "name": "root",
    "metadata": {
        "timer_format_version": "0.1.0",
        "start_time_seconds": "1761108618",
        "python_version": "3.10.12 | packaged by Anaconda, Inc. | (main, Jul  5 2023, 19:01:18) [MSC v.1916 64 bit (AMD64)]",
        "command_line_arguments": "C:\\Users\\65871\\Downloads\\FYP SHit\\anaconda\\envs\\mlagents\\Scripts\\mlagents-learn Config\\RaceCar_config.yaml --run-id=race1 --force",
        "mlagents_version": "1.1.0",
        "mlagents_envs_version": "1.1.0",
        "communication_protocol_version": "1.5.0",
        "pytorch_version": "2.2.2+cu121",
        "numpy_version": "1.23.5",
        "end_time_seconds": "1761108837"
    },
    "total": 219.5553633000236,
    "count": 1,
    "self": 0.011710299993865192,
    "children": {
        "run_training.setup": {
            "total": 0.23940129997208714,
            "count": 1,
            "self": 0.23940129997208714
        },
        "TrainerController.start_learning": {
            "total": 219.30425170005765,
            "count": 1,
            "self": 0.08468919969163835,
            "children": {
                "TrainerController._reset_env": {
                    "total": 17.64689690002706,
                    "count": 1,
                    "self": 17.64689690002706
                },
                "TrainerController.advance": {
                    "total": 201.16147850034758,
                    "count": 2875,
                    "self": 0.08980599779170007,
                    "children": {
                        "env_step": {
                            "total": 198.98963700188324,
                            "count": 2875,
                            "self": 176.84250799799338,
                            "children": {
                                "SubprocessEnvManager._take_step": {
                                    "total": 22.09252550196834,
                                    "count": 2875,
                                    "self": 0.3082534045679495,
                                    "children": {
                                        "TorchPolicy.evaluate": {
                                            "total": 21.78427209740039,
                                            "count": 2875,
                                            "self": 21.78427209740039
                                        }
                                    }
                                },
                                "workers": {
                                    "total": 0.05460350192151964,
                                    "count": 2874,
                                    "self": 0.0,
                                    "children": {
                                        "worker_root": {
                                            "total": 169.99138590449002,
                                            "count": 2874,
                                            "is_parallel": true,
                                            "self": 34.62253100564703,
                                            "children": {
                                                "steps_from_proto": {
                                                    "total": 0.006112299975939095,
                                                    "count": 1,
                                                    "is_parallel": true,
                                                    "self": 0.002304699970409274,
                                                    "children": {
                                                        "_process_rank_one_or_two_observation": {
                                                            "total": 0.003807600005529821,
                                                            "count": 2,
                                                            "is_parallel": true,
                                                            "self": 0.003807600005529821
                                                        }
                                                    }
                                                },
                                                "UnityEnvironment.step": {
                                                    "total": 135.36274259886704,
                                                    "count": 2874,
                                                    "is_parallel": true,
                                                    "self": 0.4455912976991385,
                                                    "children": {
                                                        "UnityEnvironment._generate_step_input": {
                                                            "total": 0.6338867000304163,
                                                            "count": 2874,
                                                            "is_parallel": true,
                                                            "self": 0.6338867000304163
                                                        },
                                                        "communicator.exchange": {
                                                            "total": 132.9530343018705,
                                                            "count": 2874,
                                                            "is_parallel": true,
                                                            "self": 132.9530343018705
                                                        },
                                                        "steps_from_proto": {
                                                            "total": 1.3302302992669865,
                                                            "count": 2874,
                                                            "is_parallel": true,
                                                            "self": 0.8008690912974998,
                                                            "children": {
                                                                "_process_rank_one_or_two_observation": {
                                                                    "total": 0.5293612079694867,
                                                                    "count": 5748,
                                                                    "is_parallel": true,
                                                                    "self": 0.5293612079694867
                                                                }
                                                            }
                                                        }
                                                    }
                                                }
                                            }
                                        }
                                    }
                                }
                            }
                        },
                        "trainer_advance": {
                            "total": 2.082035500672646,
                            "count": 2874,
                            "self": 0.09667590248864144,
                            "children": {
                                "process_trajectory": {
                                    "total": 1.9853595981840044,
                                    "count": 2874,
                                    "self": 1.9853595981840044
                                }
                            }
                        }
                    }
                },
                "trainer_threads": {
                    "total": 1.0300078429281712e-05,
                    "count": 1,
                    "self": 1.0300078429281712e-05
                },
                "TrainerController._save_models": {
                    "total": 0.411176799912937,
                    "count": 1,
                    "self": 0.02921379986219108,