{
    "name": "root",
    "metadata": {
        "timer_format_version": "0.1.0",
        "start_time_seconds": "1761571877",
        "python_version": "3.10.12 | packaged by Anaconda, Inc. | (main, Jul  5 2023, 19:01:18) [MSC v.1916 64 bit (AMD64)]",
        "command_line_arguments": "C:\\Users\\65871\\Downloads\\FYP SHit\\anaconda\\envs\\mlagents\\Scripts\\mlagents-learn Config\\RaceCar_config.yaml --run-id=race1 --force",
        "mlagents_version": "1.1.0",
        "mlagents_envs_version": "1.1.0",
        "communication_protocol_version": "1.5.0",
        "pytorch_version": "2.2.2+cu121",
        "numpy_version": "1.23.5",
        "end_time_seconds": "1761572327"
    },
    "total": 449.83300679991953,
    "count": 1,
    "self": 0.020486700115725398,
    "children": {
        "run_training.setup": {
            "total": 0.11860849987715483,
            "count": 1,
            "self": 0.11860849987715483
        },
        "TrainerController.start_learning": {
            "total": 449.69391159992665,
            "count": 1,
            "self": 0.18028489756397903,
            "children": {
                "TrainerController._reset_env": {
                    "total": 12.399434400023893,
                    "count": 1,
                    "self": 12.399434400023893
                },
                "TrainerController.advance": {
                    "total": 436.55442620255053,
                    "count": 6934,
                    "self": 0.18652781611308455,
                    "children": {
                        "env_step": {
                            "total": 423.6693154028617,
                            "count": 6934,
                            "self": 390.0938974893652,
                            "children": {
                                "SubprocessEnvManager._take_step": {
                                    "total": 33.4460381064564,
                                    "count": 6934,
                                    "self": 0.704910010099411,
                                    "children": {
                                        "TorchPolicy.evaluate": {
                                            "total": 32.74112809635699,
                                            "count": 6863,
                                            "self": 32.74112809635699
                                        }
                                    }
                                },
                                "workers": {
                                    "total": 0.12937980704009533,
                                    "count": 6933,
                                    "self": 0.0,
                                    "children": {
                                        "worker_root": {
                                            "total": 360.19982891436666,
                                            "count": 6933,
                                            "is_parallel": true,
                                            "self": 61.80242081661709,
                                            "children": {
                                                "steps_from_proto": {
                                                    "total": 0.005003300029784441,
                                                    "count": 1,
                                                    "is_parallel": true,
                                                    "self": 0.00037320004776120186,
                                                    "children": {
                                                        "_process_rank_one_or_two_observation": {
                                                            "total": 0.004630099982023239,
                                                            "count": 6,
                                                            "is_parallel": true,
                                                            "self": 0.004630099982023239
                                                        }
                                                    }
                                                },
                                                "UnityEnvironment.step": {
                                                    "total": 298.3924047977198,
                                                    "count": 6933,
                                                    "is_parallel": true,
                                                    "self": 1.132179293781519,
                                                    "children": {
                                                        "UnityEnvironment._generate_step_input": {
                                                            "total": 1.1554822020698339,
                                                            "count": 6933,
                                                            "is_parallel": true,
                                                            "self": 1.1554822020698339
                                                        },
                                                        "communicator.exchange": {
                                                            "total": 293.1364670912735,
                                                            "count": 6933,
                                                            "is_parallel": true,
                                                            "self": 293.1364670912735
                                                        },
                                                        "steps_from_proto": {
                                                            "total": 2.9682762105949223,
                                                            "count": 6933,
                                                            "is_parallel": true,
                                                            "self": 0.8527552923187613,
                                                            "children": {
                                                                "_process_rank_one_or_two_observation": {
                                                                    "total": 2.115520918276161,
                                                                    "count": 41598,
                                                                    "is_parallel": true,
                                                                    "self": 2.115520918276161
                                                                }
                                                            }
                                                        }
                                                    }
                                                }
                                            }
                                        }
                                    }
                                }
                            }
                        },
                        "trainer_advance": {
                            "total": 12.698582983575761,
                            "count": 6933,
                            "self": 0.22342217271216214,
                            "children": {
                                "process_trajectory": {
                                    "total": 6.3673043109010905,
                                    "count": 6933,
                                    "self": 6.3673043109010905
                                },
                                "_update_policy": {
                                    "total": 6.107856499962509,
                                    "count": 1,
                                    "self": 4.088527999585494,
                                    "children": {
                                        "TorchPPOOptimizer.update": {
                                            "total": 2.0193285003770143,
                                            "count": 30,