{"count":1,"self":89.398246399999991,"total":337.5290592,"children":{"InitializeActuators":{"count":1,"self":0.0039623,"total":0.0039623,"children":null},"InitializeSensors":{"count":1,"self":0.0019913,"total":0.0019913,"children":null},"AgentSendState":{"count":119167,"self":0.20820809999999998,"total":0.87032919999999991,"children":{"CollectObservations":{"count":23834,"self":0.1387627,"total":0.1387627,"children":null},"WriteActionMask":{"count":23834,"self":0.041214799999999996,"total":0.041214799999999996,"children":null},"RequestDecision":{"count":23834,"self":0.10403,"total":0.4821436,"children":{"AgentInfo.ToProto":{"count":23834,"self":0.137375,"total":0.3781136,"children":{"GenerateSensorData":{"count":23834,"self":0.2407386,"total":0.2407386,"children":null}}}}}}},"DecideAction":{"count":119167,"self":245.3563136,"total":245.35630369999998,"children":null},"AgentAct":{"count":119167,"self":1.8786551999999999,"total":1.8786551,"children":null},"AgentInfo.ToProto":{"count":841,"self":0.012013399999999999,"total":0.0175793,"children":{"GenerateSensorData":{"count":841,"self":0.0055658999999999995,"total":0.0055658999999999995,"children":null}}}},"gauges":{"Archer.CumulativeReward":{"count":841,"max":0.99822,"min":-0.302379668,"runningAverage":-0.143043637,"value":-0.15203999,"weightedAverage":-0.172905579}},"metadata":{"timer_format_version":"0.1.0","start_time_seconds":"1759311569","unity_version":"6000.0.47f1","command_line_arguments":"C:\\Program Files\\Unity\\Hub\\Editor\\6000.0.47f1\\Editor\\Unity.exe -projectpath C:\\Users\\foong\\Downloads\\AI_GameProject_FYP -useHub -hubIPC -cloudEnvironment production","communication_protocol_version":"1.5.0","com.unity.ml-agents_version":"4.0.0","scene_name":"archery_game","end_time_seconds":"1759311906"}}