{"count":1,"self":197.0901504,"total":199.0265215,"children":{"InitializeActuators":{"count":1,"self":0.0010084999999999998,"total":0.0010084999999999998,"children":null},"InitializeSensors":{"count":1,"self":0.0010475999999999999,"total":0.0010475999999999999,"children":null},"AgentSendState":{"count":9710,"self":0.0776477,"total":0.1450667,"children":{"CollectObservations":{"count":1942,"self":0.0189689,"total":0.0189689,"children":null},"WriteActionMask":{"count":1942,"self":0.010310999999999999,"total":0.010310999999999999,"children":null},"RequestDecision":{"count":1942,"self":0.038139099999999995,"total":0.038139099999999995,"children":null}}},"DecideAction":{"count":9710,"self":1.7180073999999999,"total":1.7180073999999999,"children":null},"AgentAct":{"count":9710,"self":0.070239299999999991,"total":0.070239299999999991,"children":null}},"gauges":{"Archer.CumulativeReward":{"count":4,"max":-15.05264,"min":-15.1210032,"runningAverage":-15.0944309,"value":-15.106019,"weightedAverage":-15.08519}},"metadata":{"timer_format_version":"0.1.0","start_time_seconds":"1760064723","unity_version":"6000.0.47f1","command_line_arguments":"C:\\Program Files\\Unity\\Hub\\Editor\\6000.0.47f1\\Editor\\Unity.exe -projectpath C:\\Users\\65871\\Documents\\GitHub\\AI_GameProject_FYP -acceptSoftwareTermsForThisRunOnly -useHub -hubIPC -cloudEnvironment production","communication_protocol_version":"1.5.0","com.unity.ml-agents_version":"4.0.0","scene_name":"archery_game","end_time_seconds":"1760064922"}}