{"count":1,"self":111.2305792,"total":112.6079232,"children":{"InitializeActuators":{"count":1,"self":0.0030575999999999997,"total":0.0030575999999999997,"children":null},"InitializeSensors":{"count":1,"self":0.0020131999999999997,"total":0.0020131999999999997,"children":null},"AgentSendState":{"count":5290,"self":0.050640899999999996,"total":0.1236303,"children":{"CollectObservations":{"count":1058,"self":0.0323131,"total":0.0323131,"children":null},"WriteActionMask":{"count":1058,"self":0.0090899999999999991,"total":0.0090899999999999991,"children":null},"RequestDecision":{"count":1058,"self":0.0315863,"total":0.0315863,"children":null}}},"DecideAction":{"count":5290,"self":1.0755226,"total":1.0755226,"children":null},"AgentAct":{"count":5290,"self":0.17312339999999998,"total":0.17312339999999998,"children":null}},"gauges":{"Archer.CumulativeReward":{"count":4,"max":118.9542,"min":57.5669327,"runningAverage":89.2202148,"value":57.5669327,"weightedAverage":83.83432}},"metadata":{"timer_format_version":"0.1.0","start_time_seconds":"1762337744","unity_version":"6000.0.47f1","command_line_arguments":"C:\\Program Files\\Unity\\Hub\\Editor\\6000.0.47f1\\Editor\\Unity.exe -projectpath C:\\Users\\65871\\Documents\\GitHub\\AI_GameProject_FYP -acceptSoftwareTermsForThisRunOnly -useHub -hubIPC -cloudEnvironment production","communication_protocol_version":"1.5.0","com.unity.ml-agents_version":"4.0.0","scene_name":"archery_game","end_time_seconds":"1762337857"}}