{"count":1,"self":3206.1741056,"total":4813.0485302,"children":{"InitializeActuators":{"count":31,"self":0.0025228,"total":0.0025228,"children":null},"InitializeSensors":{"count":31,"self":0.002513,"total":0.002513,"children":null},"AgentSendState":{"count":361303,"self":7.8011215999999992,"total":45.206243699999995,"children":{"CollectObservations":{"count":2240091,"self":7.8194095999999993,"total":7.8194094,"children":null},"WriteActionMask":{"count":2240091,"self":1.2475958999999999,"total":1.2475958999999999,"children":null},"RequestDecision":{"count":2240091,"self":10.1054016,"total":28.338116399999997,"children":{"AgentInfo.ToProto":{"count":2240091,"self":5.4452536,"total":18.232715199999998,"children":{"GenerateSensorData":{"count":2240091,"self":12.787461599999999,"total":12.7874614,"children":null}}}}}}},"DecideAction":{"count":361303,"self":1465.7651712,"total":1465.765158,"children":null},"AgentAct":{"count":361303,"self":95.745612799999989,"total":95.745614199999991,"children":{"AgentInfo.ToProto":{"count":3,"self":0,"total":0,"children":{"GenerateSensorData":{"count":3,"self":0,"total":0,"children":null}}}}},"AgentInfo.ToProto":{"count":4923,"self":0.052251099999999995,"total":0.1514302,"children":{"GenerateSensorData":{"count":4923,"self":0.099179099999999992,"total":0.099179099999999992,"children":null}}}},"gauges":{"BadmintionAgent.CumulativeReward":{"count":4926,"max":114.2589,"min":-27.3408737,"runningAverage":72.82057,"value":59.0703659,"weightedAverage":30.6939812}},"metadata":{"timer_format_version":"0.1.0","start_time_seconds":"1761404341","unity_version":"6000.0.47f1","command_line_arguments":"C:\\Program Files\\Unity\\Hub\\Editor\\6000.0.47f1\\Editor\\Unity.exe -projectpath S:\\Github2.0\\AI_GameProject_FYP -useHub -hubIPC -cloudEnvironment production","communication_protocol_version":"1.5.0","com.unity.ml-agents_version":"4.0.0","scene_name":"Badminton","end_time_seconds":"1761409155"}}