{"count":1,"self":934.62579199999993,"total":1650.3524453999999,"children":{"InitializeActuators":{"count":6,"self":0.0035253999999999997,"total":0.0035253999999999997,"children":null},"InitializeSensors":{"count":6,"self":0.0025341,"total":0.0025341,"children":null},"AgentSendState":{"count":97152,"self":1.0164644,"total":4.6291036,"children":{"CollectObservations":{"count":116586,"self":0.7996365,"total":0.7996365,"children":null},"WriteActionMask":{"count":116586,"self":0.1261746,"total":0.1261746,"children":null},"RequestDecision":{"count":116586,"self":0.9103468,"total":2.6868281,"children":{"AgentInfo.ToProto":{"count":116586,"self":0.49320169999999997,"total":1.7764813,"children":{"GenerateSensorData":{"count":116586,"self":1.2832796,"total":1.2832796,"children":null}}}}}}},"DecideAction":{"count":97152,"self":705.8978816,"total":705.8978664,"children":null},"AgentAct":{"count":97152,"self":5.1819755999999995,"total":5.1850422,"children":{"AgentInfo.ToProto":{"count":32,"self":0.0015509,"total":0.0030667,"children":{"GenerateSensorData":{"count":32,"self":0.0015157999999999999,"total":0.0015157999999999999,"children":null}}}}},"AgentInfo.ToProto":{"count":271,"self":0.0040749,"total":0.0076006,"children":{"GenerateSensorData":{"count":271,"self":0.0035256999999999997,"total":0.0035256999999999997,"children":null}}}},"gauges":{"BadmintionAgent.CumulativeReward":{"count":303,"max":-20.1985435,"min":-491.2823,"runningAverage":-179.174438,"value":-124.036339,"weightedAverage":-231.511246}},"metadata":{"timer_format_version":"0.1.0","start_time_seconds":"1759222521","unity_version":"6000.0.47f1","command_line_arguments":"C:\\Program Files\\Unity\\Hub\\Editor\\6000.0.47f1\\Editor\\Unity.exe -projectpath C:\\Users\\65871\\Documents\\GitHub\\AI_GameProject_FYP -acceptSoftwareTermsForThisRunOnly -useHub -hubIPC -cloudEnvironment production","communication_protocol_version":"1.5.0","com.unity.ml-agents_version":"4.0.0","scene_name":"Badminton","end_time_seconds":"1759224172"}}