{"count":1,"self":1899.9914496,"total":2965.3717229999997,"children":{"InitializeActuators":{"count":48,"self":0.0025161999999999997,"total":0.0025161999999999997,"children":null},"InitializeSensors":{"count":48,"self":0.0025252,"total":0.0025252,"children":null},"AgentSendState":{"count":153831,"self":5.1781416,"total":30.544238099999998,"children":{"CollectObservations":{"count":1476816,"self":5.3711443999999995,"total":5.3711443999999995,"children":null},"WriteActionMask":{"count":1476816,"self":0.8250152,"total":0.8250152,"children":null},"RequestDecision":{"count":1476816,"self":6.9512968,"total":19.1699368,"children":{"AgentInfo.ToProto":{"count":1476816,"self":3.6920496,"total":12.2186401,"children":{"GenerateSensorData":{"count":1476816,"self":8.5265904,"total":8.5265904,"children":null}}}}}}},"DecideAction":{"count":153831,"self":779.5120128,"total":779.5119985,"children":null},"AgentAct":{"count":153831,"self":255.2576512,"total":255.2710158,"children":{"AgentInfo.ToProto":{"count":511,"self":0.0032113,"total":0.0133764,"children":{"GenerateSensorData":{"count":511,"self":0.0101651,"total":0.0101651,"children":null}}}}},"AgentInfo.ToProto":{"count":1693,"self":0.017338799999999998,"total":0.047541599999999996,"children":{"GenerateSensorData":{"count":1693,"self":0.0302028,"total":0.0302028,"children":null}}}},"gauges":{"BadmintionAgent.CumulativeReward":{"count":2204,"max":107.359505,"min":-186.67514,"runningAverage":-7.38085,"value":91.7092056,"weightedAverage":69.72545}},"metadata":{"timer_format_version":"0.1.0","start_time_seconds":"1759940352","unity_version":"6000.0.47f1","command_line_arguments":"C:\\Program Files\\Unity\\Hub\\Editor\\6000.0.47f1\\Editor\\Unity.exe -projectpath S:\\Github2.0\\AI_GameProject_FYP -useHub -hubIPC -cloudEnvironment production","communication_protocol_version":"1.5.0","com.unity.ml-agents_version":"4.0.0","scene_name":"Badminton","end_time_seconds":"1759943318"}}