{"count":1,"self":538.13529599999993,"total":1237.5127731,"children":{"InitializeActuators":{"count":18,"self":0.0030206,"total":0.0030206,"children":null},"InitializeSensors":{"count":18,"self":0.0009992,"total":0.0009992,"children":null},"AgentSendState":{"count":87896,"self":1.6673970999999999,"total":8.5245252999999988,"children":{"CollectObservations":{"count":316440,"self":1.3473070999999999,"total":1.3473070999999999,"children":null},"WriteActionMask":{"count":316440,"self":0.27579529999999997,"total":0.27579529999999997,"children":null},"RequestDecision":{"count":316440,"self":2.0108124,"total":5.2340257999999995,"children":{"AgentInfo.ToProto":{"count":316440,"self":0.95064359999999992,"total":3.2232133,"children":{"GenerateSensorData":{"count":316440,"self":2.2725695999999997,"total":2.2725697,"children":null}}}}}}},"DecideAction":{"count":87896,"self":681.388288,"total":681.3882775,"children":null},"AgentAct":{"count":87896,"self":9.4419024,"total":9.4437763999999991,"children":{"AgentInfo.ToProto":{"count":83,"self":0.0018738,"total":0.0018738,"children":{"GenerateSensorData":{"count":83,"self":0,"total":0,"children":null}}}}},"AgentInfo.ToProto":{"count":370,"self":0.0036969,"total":0.015298399999999998,"children":{"GenerateSensorData":{"count":370,"self":0.011601499999999999,"total":0.011601499999999999,"children":null}}}},"gauges":{"BadmintionAgent.CumulativeReward":{"count":453,"max":52.3002968,"min":-40.9201927,"runningAverage":-10.47254,"value":4.279871,"weightedAverage":2.61446333}},"metadata":{"timer_format_version":"0.1.0","start_time_seconds":"1759486236","unity_version":"6000.0.47f1","command_line_arguments":"C:\\Program Files\\Unity\\Hub\\Editor\\6000.0.47f1\\Editor\\Unity.exe -projectpath C:\\Users\\65871\\Documents\\GitHub\\AI_GameProject_FYP -acceptSoftwareTermsForThisRunOnly -useHub -hubIPC -cloudEnvironment production","communication_protocol_version":"1.5.0","com.unity.ml-agents_version":"4.0.0","scene_name":"Badminton","end_time_seconds":"1759487474"}}