{"count":1,"self":55.3544256,"total":55.822596399999995,"children":{"InitializeActuators":{"count":2,"self":0.0030218,"total":0.0030218,"children":null},"InitializeSensors":{"count":2,"self":0.0010111,"total":0.0010111,"children":null},"AgentSendState":{"count":2203,"self":0.014607799999999999,"total":0.037432,"children":{"CollectObservations":{"count":402,"self":0.0025145,"total":0.0025145,"children":null},"WriteActionMask":{"count":402,"self":0.00050619999999999994,"total":0.00050619999999999994,"children":null},"RequestDecision":{"count":402,"self":0.019803499999999998,"total":0.019803499999999998,"children":null}}},"DecideAction":{"count":2203,"self":0.36222899999999997,"total":0.36222899999999997,"children":null},"AgentAct":{"count":2203,"self":0.064476499999999992,"total":0.064476499999999992,"children":null}},"gauges":{"BadmintionAgent.CumulativeReward":{"count":1,"max":26.2497883,"min":26.2497883,"runningAverage":26.2497883,"value":26.2497883,"weightedAverage":26.2497883}},"metadata":{"timer_format_version":"0.1.0","start_time_seconds":"1760328291","unity_version":"6000.0.47f1","command_line_arguments":"C:\\Program Files\\Unity\\Hub\\Editor\\6000.0.47f1\\Editor\\Unity.exe -projectpath C:\\Users\\65871\\Documents\\GitHub\\AI_GameProject_FYP -acceptSoftwareTermsForThisRunOnly -useHub -hubIPC -cloudEnvironment production","communication_protocol_version":"1.5.0","com.unity.ml-agents_version":"4.0.0","scene_name":"Badminton","end_time_seconds":"1760328347"}}