{"count":1,"self":993.985024,"total":1707.7072541,"children":{"InitializeActuators":{"count":9,"self":0.0036078,"total":0.0036078,"children":null},"InitializeSensors":{"count":9,"self":0.0010477,"total":0.0010477,"children":null},"AgentSendState":{"count":85012,"self":1.1103077,"total":5.3077568999999993,"children":{"CollectObservations":{"count":153027,"self":1.0606721,"total":1.0606721,"children":null},"WriteActionMask":{"count":153027,"self":0.152058,"total":0.152058,"children":null},"RequestDecision":{"count":153027,"self":1.0901878999999999,"total":2.9847191,"children":{"AgentInfo.ToProto":{"count":153027,"self":0.5294116,"total":1.8945311999999999,"children":{"GenerateSensorData":{"count":153027,"self":1.3651195999999999,"total":1.3651195999999999,"children":null}}}}}}},"DecideAction":{"count":85012,"self":701.60721919999992,"total":701.6072114,"children":null},"AgentAct":{"count":85012,"self":6.6170231999999993,"total":6.6170234,"children":null},"AgentInfo.ToProto":{"count":3861,"self":0.0672676,"total":0.18403239999999998,"children":{"GenerateSensorData":{"count":3861,"self":0.11676479999999999,"total":0.11676479999999999,"children":null}}}},"gauges":{"BadmintionAgent.CumulativeReward":{"count":3861,"max":6.86000347,"min":-53.5615463,"runningAverage":1.26119,"value":-1.11700273,"weightedAverage":1.6360141}},"metadata":{"timer_format_version":"0.1.0","start_time_seconds":"1759400834","unity_version":"6000.0.47f1","command_line_arguments":"C:\\Program Files\\Unity\\Hub\\Editor\\6000.0.47f1\\Editor\\Unity.exe -projectpath C:\\Users\\65871\\Documents\\GitHub\\AI_GameProject_FYP -acceptSoftwareTermsForThisRunOnly -useHub -hubIPC -cloudEnvironment production","communication_protocol_version":"1.5.0","com.unity.ml-agents_version":"4.0.0","scene_name":"Badminton","end_time_seconds":"1759402542"}}