{"count":1,"self":2368.4943872,"total":4278.5567758,"children":{"InitializeActuators":{"count":25,"self":0.0025033,"total":0.0025033,"children":null},"InitializeSensors":{"count":25,"self":0.0015094,"total":0.0015094,"children":null},"AgentSendState":{"count":351151,"self":6.8978864,"total":39.0655133,"children":{"CollectObservations":{"count":1755775,"self":7.1299952,"total":7.1299947999999995,"children":null},"WriteActionMask":{"count":1755775,"self":1.1379196999999999,"total":1.1379196999999999,"children":null},"RequestDecision":{"count":1755775,"self":8.3196488,"total":23.8997124,"children":{"AgentInfo.ToProto":{"count":1755775,"self":4.7139916,"total":15.5800635,"children":{"GenerateSensorData":{"count":1755775,"self":10.866071999999999,"total":10.866071999999999,"children":null}}}}}}},"DecideAction":{"count":351151,"self":1310.391296,"total":1310.3912966,"children":null},"AgentAct":{"count":351151,"self":560.5385728,"total":560.5844789,"children":{"AgentInfo.ToProto":{"count":1607,"self":0.0161924,"total":0.045890099999999996,"children":{"GenerateSensorData":{"count":1607,"self":0.029697699999999997,"total":0.029697699999999997,"children":null}}}}},"AgentInfo.ToProto":{"count":1017,"self":0.0040159,"total":0.0156189,"children":{"GenerateSensorData":{"count":1017,"self":0.011602999999999999,"total":0.011602999999999999,"children":null}}}},"gauges":{"BadmintionAgent.CumulativeReward":{"count":2624,"max":42.7605438,"min":-333.126923,"runningAverage":-163.078522,"value":-250.360443,"weightedAverage":-241.175079}},"metadata":{"timer_format_version":"0.1.0","start_time_seconds":"1761240764","unity_version":"6000.0.47f1","command_line_arguments":"C:\\Program Files\\Unity\\Hub\\Editor\\6000.0.47f1\\Editor\\Unity.exe -projectpath S:\\Github2.0\\AI_GameProject_FYP -useHub -hubIPC -cloudEnvironment production","communication_protocol_version":"1.5.0","com.unity.ml-agents_version":"4.0.0","scene_name":"Badminton","end_time_seconds":"1761245043"}}