{"count":1,"self":78.1485568,"total":79.2750421,"children":{"InitializeActuators":{"count":1,"self":0.0070973999999999994,"total":0.0070973999999999994,"children":null},"InitializeSensors":{"count":1,"self":0.0009877,"total":0.0009877,"children":null},"AgentSendState":{"count":3636,"self":0.0413807,"total":0.0815299,"children":{"CollectObservations":{"count":728,"self":0.010901899999999999,"total":0.010901899999999999,"children":null},"WriteActionMask":{"count":728,"self":0.0060494999999999993,"total":0.0060494999999999993,"children":null},"RequestDecision":{"count":728,"self":0.023197799999999998,"total":0.023197799999999998,"children":null}}},"DecideAction":{"count":3636,"self":0.91151169999999992,"total":0.91151169999999992,"children":null},"AgentAct":{"count":3636,"self":0.1238528,"total":0.1238528,"children":null}},"gauges":{},"metadata":{"timer_format_version":"0.1.0","start_time_seconds":"1762918629","unity_version":"6000.0.47f1","command_line_arguments":"C:\\Program Files\\Unity\\Hub\\Editor\\6000.0.47f1\\Editor\\Unity.exe -projectpath C:\\Users\\65871\\Documents\\GitHub\\AI_GameProject_FYP -acceptSoftwareTermsForThisRunOnly -useHub -hubIPC -cloudEnvironment production","communication_protocol_version":"1.5.0","com.unity.ml-agents_version":"4.0.0","scene_name":"Badminton","end_time_seconds":"1762918708"}}