{"count":1,"self":3314.214912,"total":4494.4578391,"children":{"InitializeActuators":{"count":31,"self":0.0010042,"total":0.0010042,"children":null},"InitializeSensors":{"count":31,"self":0.0020128999999999998,"total":0.0020128999999999998,"children":null},"AgentSendState":{"count":234413,"self":5.27076,"total":29.694087,"children":{"CollectObservations":{"count":1453373,"self":5.1565655999999995,"total":5.1565654,"children":null},"WriteActionMask":{"count":1453373,"self":0.8517711,"total":0.8517711,"children":null},"RequestDecision":{"count":1453373,"self":6.6504031999999995,"total":18.4149906,"children":{"AgentInfo.ToProto":{"count":1453373,"self":3.4721968,"total":11.7645872,"children":{"GenerateSensorData":{"count":1453373,"self":8.2923904,"total":8.2923904,"children":null}}}}}}},"DecideAction":{"count":234413,"self":985.1894784,"total":985.1894451,"children":null},"AgentAct":{"count":234413,"self":165.20363519999998,"total":165.2046368,"children":{"AgentInfo.ToProto":{"count":27,"self":0,"total":0.001006,"children":{"GenerateSensorData":{"count":27,"self":0.001006,"total":0.001006,"children":null}}}}},"AgentInfo.ToProto":{"count":6309,"self":0.0635314,"total":0.1516544,"children":{"GenerateSensorData":{"count":6309,"self":0.088122999999999993,"total":0.088122999999999993,"children":null}}}},"gauges":{"BadmintionAgent.CumulativeReward":{"count":6336,"max":59.8606262,"min":-178.446411,"runningAverage":-1.1558609,"value":19.8094788,"weightedAverage":28.1615677}},"metadata":{"timer_format_version":"0.1.0","start_time_seconds":"1761395553","unity_version":"6000.0.47f1","command_line_arguments":"C:\\Program Files\\Unity\\Hub\\Editor\\6000.0.47f1\\Editor\\Unity.exe -projectpath S:\\Github2.0\\AI_GameProject_FYP -useHub -hubIPC -cloudEnvironment production","communication_protocol_version":"1.5.0","com.unity.ml-agents_version":"4.0.0","scene_name":"Badminton","end_time_seconds":"1761400047"}}