{"count":1,"self":349.988096,"total":1418.4945721,"children":{"InitializeActuators":{"count":24,"self":0.0020913999999999998,"total":0.0020913999999999998,"children":null},"InitializeSensors":{"count":24,"self":0.0015222999999999999,"total":0.0015222999999999999,"children":null},"AgentSendState":{"count":72692,"self":1.6582157,"total":59.9720084,"children":{"CollectObservations":{"count":348960,"self":1.902215,"total":1.902215,"children":null},"WriteActionMask":{"count":348960,"self":0.3524482,"total":0.3524482,"children":null},"RequestDecision":{"count":348960,"self":1.9856458,"total":56.0591295,"children":{"AgentInfo.ToProto":{"count":348960,"self":1.3048088,"total":54.0734837,"children":{"GenerateSensorData":{"count":348960,"self":52.7686752,"total":52.7686749,"children":null}}}}}}},"DecideAction":{"count":72692,"self":999.6581888,"total":999.6581701,"children":null},"AgentAct":{"count":72692,"self":8.7828064,"total":8.8653611999999988,"children":{"AgentInfo.ToProto":{"count":330,"self":0.00047779999999999996,"total":0.0825547,"children":{"GenerateSensorData":{"count":330,"self":0.0820769,"total":0.0820769,"children":null}}}}},"AgentInfo.ToProto":{"count":14,"self":0,"total":0.0063162999999999995,"children":{"GenerateSensorData":{"count":14,"self":0.0063162999999999995,"total":0.0063162999999999995,"children":null}}}},"gauges":{"BadmintonSelfPlay.CumulativeReward":{"count":344,"max":44.7007751,"min":-171.6128,"runningAverage":-14.360055,"value":-5.09981537,"weightedAverage":-56.04007}},"metadata":{"timer_format_version":"0.1.0","start_time_seconds":"1758590666","unity_version":"6000.0.47f1","command_line_arguments":"C:\\Program Files\\Unity\\Hub\\Editor\\6000.0.47f1\\Editor\\Unity.exe -projectpath C:\\Users\\65871\\Documents\\GitHub\\AI_GameProject_FYP -acceptSoftwareTermsForThisRunOnly -useHub -hubIPC -cloudEnvironment production","communication_protocol_version":"1.5.0","com.unity.ml-agents_version":"4.0.0","scene_name":"JM_SelfPlayScene","end_time_seconds":"1758592084"}}