{"count":1,"self":1381.2422655999999,"total":4115.7695009,"children":{"InitializeActuators":{"count":16,"self":0.0015718,"total":0.0015718,"children":null},"InitializeSensors":{"count":16,"self":0.0025314,"total":0.0025314,"children":null},"AgentSendState":{"count":256671,"self":3.3597088,"total":19.459078599999998,"children":{"CollectObservations":{"count":821360,"self":4.1291839999999995,"total":4.1291839999999995,"children":null},"WriteActionMask":{"count":821360,"self":0.5101086,"total":0.5101086,"children":null},"RequestDecision":{"count":821360,"self":4.4059583999999994,"total":11.460077199999999,"children":{"AgentInfo.ToProto":{"count":821360,"self":1.9431851999999998,"total":7.0541187,"children":{"GenerateSensorData":{"count":821360,"self":5.1109336,"total":5.1109336,"children":null}}}}}}},"DecideAction":{"count":256671,"self":2692.9956864,"total":2692.9955927,"children":null},"AgentAct":{"count":256671,"self":21.9072992,"total":21.907819999999997,"children":{"AgentInfo.ToProto":{"count":42,"self":0,"total":0.0005201,"children":{"GenerateSensorData":{"count":42,"self":0.0005201,"total":0.0005201,"children":null}}}}},"AgentInfo.ToProto":{"count":4681,"self":0.0649735,"total":0.1596822,"children":{"GenerateSensorData":{"count":4681,"self":0.094708699999999993,"total":0.094708699999999993,"children":null}}}},"gauges":{"BadmintionAgent.CumulativeReward":{"count":4723,"max":40.62918,"min":-113.550926,"runningAverage":7.3176775,"value":34.35505,"weightedAverage":33.7096939}},"metadata":{"timer_format_version":"0.1.0","start_time_seconds":"1758861717","unity_version":"6000.0.47f1","command_line_arguments":"C:\\Program Files\\Unity\\Hub\\Editor\\6000.0.47f1\\Editor\\Unity.exe -projectpath C:\\Users\\65871\\Documents\\GitHub\\AI_GameProject_FYP -acceptSoftwareTermsForThisRunOnly -useHub -hubIPC -cloudEnvironment production","communication_protocol_version":"1.5.0","com.unity.ml-agents_version":"4.0.0","scene_name":"JMTest2","end_time_seconds":"1758865833"}}