{"count":1,"self":62.2004928,"total":62.4665104,"children":{"InitializeActuators":{"count":2,"self":0.0010199999999999999,"total":0.0010199999999999999,"children":null},"InitializeSensors":{"count":2,"self":0.0015363,"total":0.0015363,"children":null},"AgentSendState":{"count":1262,"self":0.011765699999999999,"total":0.0137962,"children":{"CollectObservations":{"count":253,"self":0.00051439999999999993,"total":0.00051439999999999993,"children":null},"WriteActionMask":{"count":253,"self":0.0015160999999999998,"total":0.0015160999999999998,"children":null},"RequestDecision":{"count":253,"self":0,"total":0,"children":null}}},"DecideAction":{"count":1262,"self":0.21593969999999998,"total":0.21593969999999998,"children":null},"AgentAct":{"count":1262,"self":0.033728299999999996,"total":0.033728299999999996,"children":null}},"gauges":{},"metadata":{"timer_format_version":"0.1.0","start_time_seconds":"1762843037","unity_version":"6000.0.47f1","command_line_arguments":"C:\\Program Files\\Unity\\Hub\\Editor\\6000.0.47f1\\Editor\\Unity.exe -projectpath C:\\Users\\65871\\Documents\\GitHub\\AI_GameProject_FYP -acceptSoftwareTermsForThisRunOnly -useHub -hubIPC -cloudEnvironment production","communication_protocol_version":"1.5.0","com.unity.ml-agents_version":"4.0.0","scene_name":"MainMenu","end_time_seconds":"1762843099"}}