{"count":1,"self":62.0135168,"total":62.271038999999995,"children":{"InitializeActuators":{"count":1,"self":0.0010490999999999999,"total":0.0010490999999999999,"children":null},"InitializeSensors":{"count":1,"self":0.0015125,"total":0.0015125,"children":null},"AgentSendState":{"count":1139,"self":0.0090596,"total":0.0291238,"children":{"CollectObservations":{"count":1137,"self":0.0041142999999999996,"total":0.0041142999999999996,"children":null},"WriteActionMask":{"count":1137,"self":0.0010474,"total":0.0010474,"children":null},"RequestDecision":{"count":1137,"self":0.014902499999999999,"total":0.014902499999999999,"children":null}}},"DecideAction":{"count":1139,"self":0.20398449999999999,"total":0.20398449999999999,"children":null},"AgentAct":{"count":1139,"self":0.0218526,"total":0.0218526,"children":null}},"gauges":{},"metadata":{"timer_format_version":"0.1.0","start_time_seconds":"1763095625","unity_version":"6000.0.37f1","command_line_arguments":"C:\\Program Files\\Unity\\Hub\\Editor\\6000.0.37f1\\Editor\\Unity.exe -projectpath C:\\Users\\233147H\\Downloads\\other -useHub -hubIPC -cloudEnvironment production","communication_protocol_version":"1.5.0","com.unity.ml-agents_version":"4.0.0","scene_name":"PongScene","end_time_seconds":"1763095687"}}