{"count":1,"self":11512.03328,"total":16548.0019749,"children":{"InitializeActuators":{"count":30,"self":0.0015084,"total":0.0015084,"children":null},"InitializeSensors":{"count":30,"self":0.0035161999999999997,"total":0.0035161999999999997,"children":null},"AgentSendState":{"count":1042401,"self":335.2278528,"total":525.8808801,"children":{"CollectObservations":{"count":6254430,"self":14.540179199999999,"total":14.5401796,"children":null},"WriteActionMask":{"count":6254430,"self":4.6730864,"total":4.6730865,"children":null},"RequestDecision":{"count":6254430,"self":38.9150624,"total":171.4397723,"children":{"AgentInfo.ToProto":{"count":6254430,"self":19.1774336,"total":132.52471029999998,"children":{"GenerateSensorData":{"count":6254430,"self":90.7582336,"total":113.3472769,"children":{"RayPerceptionSensor.Perceive":{"count":12508860,"self":22.5890432,"total":22.5890433,"children":null}}}}}}}}},"DecideAction":{"count":1042401,"self":4300.609536,"total":4300.6095713999994,"children":null},"AgentAct":{"count":1042401,"self":209.2946304,"total":209.29462819999998,"children":null},"AgentInfo.ToProto":{"count":4450,"self":0.0346345,"total":0.1787269,"children":{"GenerateSensorData":{"count":4450,"self":0.11748979999999999,"total":0.14409239999999998,"children":{"RayPerceptionSensor.Perceive":{"count":8900,"self":0.026602599999999997,"total":0.026602599999999997,"children":null}}}}}},"gauges":{"RacingBehaviour.CumulativeReward":{"count":4450,"max":-3.31791544,"min":-19.76786,"runningAverage":-5.79607868,"value":-3.67767334,"weightedAverage":-3.69893527}},"metadata":{"timer_format_version":"0.1.0","start_time_seconds":"1762176230","unity_version":"6000.0.47f1","command_line_arguments":"C:\\Program Files\\Unity\\Hub\\Editor\\6000.0.47f1\\Editor\\Unity.exe -projectpath S:\\Github2.0\\AI_GameProject_FYP -useHub -hubIPC -cloudEnvironment production","communication_protocol_version":"1.5.0","com.unity.ml-agents_version":"4.0.0","scene_name":"Racing","end_time_seconds":"1762192778"}}