{"count":1,"self":116.492352,"total":119.3897708,"children":{"InitializeActuators":{"count":6,"self":0.0015111999999999999,"total":0.0015111999999999999,"children":null},"InitializeSensors":{"count":6,"self":0.0009983,"total":0.0009983,"children":null},"AgentSendState":{"count":5536,"self":0.5527267,"total":0.5985766,"children":{"CollectObservations":{"count":16608,"self":0.020178099999999997,"total":0.020178099999999997,"children":null},"WriteActionMask":{"count":16608,"self":0.0066340999999999995,"total":0.0066340999999999995,"children":null},"RequestDecision":{"count":16608,"self":0.019037699999999998,"total":0.019037699999999998,"children":null}}},"DecideAction":{"count":5536,"self":1.9637348,"total":2.1064412,"children":{"RayPerceptionSensor.Perceive":{"count":33216,"self":0.14270639999999998,"total":0.14270639999999998,"children":null}}},"AgentAct":{"count":5536,"self":0.1898898,"total":0.1898898,"children":null}},"gauges":{"RacingBehaviour.CumulativeReward":{"count":12,"max":256.2429,"min":-6.737476,"runningAverage":118.267487,"value":228.435547,"weightedAverage":194.2485}},"metadata":{"timer_format_version":"0.1.0","start_time_seconds":"1763085411","unity_version":"6000.0.37f1","command_line_arguments":"C:\\Program Files\\Unity\\Hub\\Editor\\6000.0.37f1\\Editor\\Unity.exe -projectpath C:\\Users\\233147H\\Downloads\\other -useHub -hubIPC -cloudEnvironment production","communication_protocol_version":"1.5.0","com.unity.ml-agents_version":"4.0.0","scene_name":"Racing","end_time_seconds":"1763085530"}}