{"count":1,"self":1582.3624192,"total":2476.5148716,"children":{"InitializeActuators":{"count":24,"self":0.0015027999999999999,"total":0.0015027999999999999,"children":null},"InitializeSensors":{"count":24,"self":0.0045079,"total":0.0045079,"children":null},"AgentSendState":{"count":79586,"self":53.975884799999996,"total":86.660117,"children":{"CollectObservations":{"count":955032,"self":4.0543672,"total":4.0543672,"children":null},"WriteActionMask":{"count":955032,"self":0.8117918,"total":0.8117918,"children":null},"RequestDecision":{"count":955032,"self":6.4914119999999995,"total":27.8180704,"children":{"AgentInfo.ToProto":{"count":955032,"self":2.9873328,"total":21.3266585,"children":{"GenerateSensorData":{"count":955032,"self":14.723054399999999,"total":18.3393257,"children":{"RayPerceptionSensor.Perceive":{"count":1910064,"self":3.616272,"total":3.616272,"children":null}}}}}}}}},"DecideAction":{"count":79586,"self":790.2814208,"total":790.2814437,"children":null},"AgentAct":{"count":79586,"self":17.1862864,"total":17.186286799999998,"children":null},"AgentInfo.ToProto":{"count":564,"self":0.0025104999999999997,"total":0.017556699999999998,"children":{"GenerateSensorData":{"count":564,"self":0.0095211999999999988,"total":0.0150462,"children":{"RayPerceptionSensor.Perceive":{"count":1128,"self":0.0055249999999999995,"total":0.0055249999999999995,"children":null}}}}}},"gauges":{"RacingBehaviour.CumulativeReward":{"count":564,"max":20.8575153,"min":-280.654449,"runningAverage":-34.96121,"value":14.2492781,"weightedAverage":14.8155041}},"metadata":{"timer_format_version":"0.1.0","start_time_seconds":"1762794408","unity_version":"6000.0.47f1","command_line_arguments":"C:\\Program Files\\Unity\\Hub\\Editor\\6000.0.47f1\\Editor\\Unity.exe -projectpath S:\\Github2.0\\AI_GameProject_FYP -useHub -hubIPC -cloudEnvironment production","communication_protocol_version":"1.5.0","com.unity.ml-agents_version":"4.0.0","scene_name":"Racing","end_time_seconds":"1762796885"}}