{"count":1,"self":97.35824,"total":99.190789999999993,"children":{"InitializeActuators":{"count":1,"self":0.002008,"total":0.002008,"children":null},"InitializeSensors":{"count":1,"self":0.0025163,"total":0.0025163,"children":null},"AgentSendState":{"count":4445,"self":0.2149698,"total":0.2688467,"children":{"CollectObservations":{"count":2223,"self":0.0226278,"total":0.0226278,"children":null},"WriteActionMask":{"count":2223,"self":0.0045385999999999994,"total":0.0045385999999999994,"children":null},"RequestDecision":{"count":2223,"self":0.026710499999999998,"total":0.026710499999999998,"children":null}}},"DecideAction":{"count":4445,"self":1.4003754,"total":1.4519682,"children":{"RayPerceptionSensor.Perceive":{"count":4446,"self":0.051592799999999994,"total":0.051592799999999994,"children":null}}},"AgentAct":{"count":4445,"self":0.10645919999999999,"total":0.10645919999999999,"children":null}},"gauges":{"RacingBehaviour.CumulativeReward":{"count":1,"max":19.5341759,"min":19.5341759,"runningAverage":19.5341759,"value":19.5341759,"weightedAverage":19.5341759}},"metadata":{"timer_format_version":"0.1.0","start_time_seconds":"1763041145","unity_version":"6000.0.47f1","command_line_arguments":"C:\\Program Files\\Unity\\Hub\\Editor\\6000.0.47f1\\Editor\\Unity.exe -projectpath S:\\Github2.0\\AI_GameProject_FYP -useHub -hubIPC -cloudEnvironment production","communication_protocol_version":"1.5.0","com.unity.ml-agents_version":"4.0.0","scene_name":"Racing","end_time_seconds":"1763041244"}}