{"count":1,"self":6169.55904,"total":9709.0591181,"children":{"InitializeActuators":{"count":40,"self":0.0025226,"total":0.0025226,"children":null},"InitializeSensors":{"count":40,"self":0.0040856,"total":0.0040856,"children":null},"AgentSendState":{"count":332351,"self":252.5524992,"total":396.1507469,"children":{"CollectObservations":{"count":4431360,"self":18.1780592,"total":18.1780586,"children":null},"WriteActionMask":{"count":4431360,"self":3.3359701999999998,"total":3.3359701999999998,"children":null},"RequestDecision":{"count":4431360,"self":28.845350399999997,"total":122.084217,"children":{"AgentInfo.ToProto":{"count":4431360,"self":13.0464256,"total":93.238868099999991,"children":{"GenerateSensorData":{"count":4431360,"self":63.7327424,"total":80.1924429,"children":{"RayPerceptionSensor.Perceive":{"count":8862720,"self":16.459704,"total":16.459703299999997,"children":null}}}}}}}}},"DecideAction":{"count":332351,"self":3029.3272576,"total":3029.3271725,"children":null},"AgentAct":{"count":332351,"self":113.89831679999999,"total":113.8983184,"children":null},"AgentInfo.ToProto":{"count":3081,"self":0.021841799999999998,"total":0.1123724,"children":{"GenerateSensorData":{"count":3081,"self":0.0794203,"total":0.0905306,"children":{"RayPerceptionSensor.Perceive":{"count":6162,"self":0.0111103,"total":0.0111103,"children":null}}}}}},"gauges":{"RacingBehaviour.CumulativeReward":{"count":3081,"max":13.03402,"min":-4.10262966,"runningAverage":12.4992294,"value":12.7921162,"weightedAverage":12.7441149}},"metadata":{"timer_format_version":"0.1.0","start_time_seconds":"1762441915","unity_version":"6000.0.47f1","command_line_arguments":"C:\\Program Files\\Unity\\Hub\\Editor\\6000.0.47f1\\Editor\\Unity.exe -projectpath S:\\Github2.0\\AI_GameProject_FYP -useHub -hubIPC -cloudEnvironment production","communication_protocol_version":"1.5.0","com.unity.ml-agents_version":"4.0.0","scene_name":"Racing","end_time_seconds":"1762451623"}}