{"count":1,"self":96.9756608,"total":101.2968923,"children":{"InitializeActuators":{"count":6,"self":0.0015078,"total":0.0015078,"children":null},"InitializeSensors":{"count":6,"self":0.0025131,"total":0.0025131,"children":null},"AgentSendState":{"count":4540,"self":0.73316589999999993,"total":0.8468587,"children":{"CollectObservations":{"count":13620,"self":0.048717699999999996,"total":0.048717699999999996,"children":null},"WriteActionMask":{"count":13620,"self":0.0106242,"total":0.0106242,"children":null},"RequestDecision":{"count":13620,"self":0.0543509,"total":0.0543509,"children":null}}},"DecideAction":{"count":4540,"self":2.9450317999999998,"total":3.2142904999999997,"children":{"RayPerceptionSensor.Perceive":{"count":27240,"self":0.26925869999999996,"total":0.26925869999999996,"children":null}}},"AgentAct":{"count":4540,"self":0.25506029999999996,"total":0.25506029999999996,"children":null}},"gauges":{"RacingBehaviour.CumulativeReward":{"count":3,"max":-0.02956438,"min":-1.19536328,"runningAverage":-0.548701346,"value":-1.19536328,"weightedAverage":-0.394441366}},"metadata":{"timer_format_version":"0.1.0","start_time_seconds":"1762969783","unity_version":"6000.0.47f1","command_line_arguments":"C:\\Program Files\\Unity\\Hub\\Editor\\6000.0.47f1\\Editor\\Unity.exe -projectpath S:\\Github2.0\\AI_GameProject_FYP -useHub -hubIPC -cloudEnvironment production","communication_protocol_version":"1.5.0","com.unity.ml-agents_version":"4.0.0","scene_name":"Racing","end_time_seconds":"1762969884"}}