{"count":1,"self":5854.906368,"total":9104.5943539999989,"children":{"InitializeActuators":{"count":28,"self":0.0035215,"total":0.0035215,"children":null},"InitializeSensors":{"count":28,"self":0.0060215999999999993,"total":0.0060215999999999993,"children":null},"AgentSendState":{"count":305841,"self":237.35974399999998,"total":377.9344908,"children":{"CollectObservations":{"count":4281788,"self":17.849056,"total":17.8490567,"children":null},"WriteActionMask":{"count":4281788,"self":3.4454232,"total":3.4454232,"children":null},"RequestDecision":{"count":4281788,"self":27.377721599999997,"total":119.2802662,"children":{"AgentInfo.ToProto":{"count":4281788,"self":13.0560584,"total":91.9025458,"children":{"GenerateSensorData":{"count":4281788,"self":62.8885248,"total":78.8464874,"children":{"RayPerceptionSensor.Perceive":{"count":8563576,"self":15.95796,"total":15.9579601,"children":null}}}}}}}}},"DecideAction":{"count":305841,"self":2799.5015168,"total":2799.5015238,"children":null},"AgentAct":{"count":305841,"self":72.1871488,"total":72.187146099999993,"children":null},"AgentInfo.ToProto":{"count":1708,"self":0.0083372,"total":0.0544321,"children":{"GenerateSensorData":{"count":1708,"self":0.0390483,"total":0.0460949,"children":{"RayPerceptionSensor.Perceive":{"count":3416,"self":0.0070466,"total":0.0070466,"children":null}}}}}},"gauges":{"RacingBehaviour.CumulativeReward":{"count":1708,"max":39.8691444,"min":-339.477966,"runningAverage":14.0516119,"value":38.3651047,"weightedAverage":37.2482147}},"metadata":{"timer_format_version":"0.1.0","start_time_seconds":"1762948604","unity_version":"6000.0.47f1","command_line_arguments":"C:\\Program Files\\Unity\\Hub\\Editor\\6000.0.47f1\\Editor\\Unity.exe -projectpath S:\\Github2.0\\AI_GameProject_FYP -useHub -hubIPC -cloudEnvironment production","communication_protocol_version":"1.5.0","com.unity.ml-agents_version":"4.0.0","scene_name":"Racing","end_time_seconds":"1762957709"}}