{"count":1,"self":2671.0427648,"total":5583.9541359999994,"children":{"InitializeActuators":{"count":28,"self":0.001005,"total":0.001005,"children":null},"InitializeSensors":{"count":28,"self":0.0035317,"total":0.0035317,"children":null},"AgentSendState":{"count":133056,"self":207.0248064,"total":326.9564206,"children":{"CollectObservations":{"count":3725568,"self":14.7989936,"total":14.7989939,"children":null},"WriteActionMask":{"count":3725568,"self":2.8070784,"total":2.8070782999999997,"children":null},"RequestDecision":{"count":3725568,"self":24.021791999999998,"total":102.32553759999999,"children":{"AgentInfo.ToProto":{"count":3725568,"self":11.1094192,"total":78.30374599999999,"children":{"GenerateSensorData":{"count":3725568,"self":53.8688576,"total":67.1943268,"children":{"RayPerceptionSensor.Perceive":{"count":7451136,"self":13.325472,"total":13.3254722,"children":null}}}}}}}}},"DecideAction":{"count":133056,"self":2552.3636223999997,"total":2552.3636044,"children":null},"AgentAct":{"count":133056,"self":33.5640096,"total":33.5640105,"children":null},"AgentInfo.ToProto":{"count":598,"self":0.0080708,"total":0.0212803,"children":{"GenerateSensorData":{"count":598,"self":0.0102025,"total":0.013209499999999999,"children":{"RayPerceptionSensor.Perceive":{"count":1196,"self":0.0030069999999999997,"total":0.0030069999999999997,"children":null}}}}}},"gauges":{"RacingBehaviour.CumulativeReward":{"count":598,"max":9.517265,"min":-318.219757,"runningAverage":-19.7141361,"value":7.38900232,"weightedAverage":6.69569254}},"metadata":{"timer_format_version":"0.1.0","start_time_seconds":"1763048688","unity_version":"6000.0.47f1","command_line_arguments":"C:\\Program Files\\Unity\\Hub\\Editor\\6000.0.47f1\\Editor\\Unity.exe -projectpath S:\\Github2.0\\AI_GameProject_FYP -useHub -hubIPC -cloudEnvironment production","communication_protocol_version":"1.5.0","com.unity.ml-agents_version":"4.0.0","scene_name":"Racing","end_time_seconds":"1763054272"}}