{"count":1,"self":118.10228479999999,"total":130.510929,"children":{"InitializeActuators":{"count":5,"self":0.0015030999999999998,"total":0.0015030999999999998,"children":null},"InitializeSensors":{"count":5,"self":0.0064846999999999995,"total":0.0064846999999999995,"children":null},"AgentSendState":{"count":5976,"self":1.5319619,"total":1.8390091,"children":{"CollectObservations":{"count":17928,"self":0.1333994,"total":0.1333994,"children":null},"WriteActionMask":{"count":17928,"self":0.028022599999999998,"total":0.028022599999999998,"children":null},"RequestDecision":{"count":17928,"self":0.14562519999999998,"total":0.14562519999999998,"children":null}}},"DecideAction":{"count":5976,"self":9.5124871999999989,"total":10.0716173,"children":{"RayPerceptionSensor.Perceive":{"count":35856,"self":0.5591299,"total":0.5591299,"children":null}}},"AgentAct":{"count":5976,"self":0.4890274,"total":0.4890274,"children":null}},"gauges":{"RacingBehaviour.CumulativeReward":{"count":4,"max":-15.9716711,"min":-28.0663624,"runningAverage":-21.8520336,"value":-16.04423,"weightedAverage":-19.85425}},"metadata":{"timer_format_version":"0.1.0","start_time_seconds":"1763105496","unity_version":"6000.0.47f1","command_line_arguments":"C:\\Program Files\\Unity\\Hub\\Editor\\6000.0.47f1\\Editor\\Unity.exe -projectpath C:\\Users\\65871\\Documents\\GitHub\\AI_GameProject_FYP -acceptSoftwareTermsForThisRunOnly -useHub -hubIPC -cloudEnvironment production","communication_protocol_version":"1.5.0","com.unity.ml-agents_version":"4.0.0","scene_name":"Racing","end_time_seconds":"1763105626"}}