{"count":1,"self":1369.3943808,"total":3172.7209851999996,"children":{"InitializeActuators":{"count":60,"self":0.0015076,"total":0.0015076,"children":null},"InitializeSensors":{"count":60,"self":0.0040257999999999995,"total":0.0040257999999999995,"children":null},"AgentSendState":{"count":220496,"self":141.6486272,"total":218.7055418,"children":{"CollectObservations":{"count":2646000,"self":5.6793103999999994,"total":5.6793105,"children":null},"WriteActionMask":{"count":2646000,"self":1.711941,"total":1.711941,"children":null},"RequestDecision":{"count":2646000,"self":16.0837728,"total":69.665657799999991,"children":{"AgentInfo.ToProto":{"count":2646000,"self":7.5815896,"total":53.5818848,"children":{"GenerateSensorData":{"count":2646000,"self":36.6566336,"total":46.0002954,"children":{"RayPerceptionSensor.Perceive":{"count":5292000,"self":9.3436624,"total":9.3436624,"children":null}}}}}}}}},"DecideAction":{"count":220496,"self":1499.8055935999998,"total":1499.8055699,"children":null},"AgentAct":{"count":220496,"self":84.6833024,"total":84.6833016,"children":null},"AgentInfo.ToProto":{"count":2621,"self":0.0362107,"total":0.12670009999999998,"children":{"GenerateSensorData":{"count":2621,"self":0.0698626,"total":0.0904894,"children":{"RayPerceptionSensor.Perceive":{"count":5242,"self":0.0206268,"total":0.0206268,"children":null}}}}}},"gauges":{"RacingBehaviour.CumulativeReward":{"count":2621,"max":-2.969284,"min":-4.72891855,"runningAverage":-3.36020279,"value":-3.31602883,"weightedAverage":-3.36132646}},"metadata":{"timer_format_version":"0.1.0","start_time_seconds":"1762356096","unity_version":"6000.0.47f1","command_line_arguments":"C:\\Program Files\\Unity\\Hub\\Editor\\6000.0.47f1\\Editor\\Unity.exe -projectpath S:\\Github2.0\\AI_GameProject_FYP -useHub -hubIPC -cloudEnvironment production","communication_protocol_version":"1.5.0","com.unity.ml-agents_version":"4.0.0","scene_name":"Racing","end_time_seconds":"1762359268"}}