{"count":1,"self":2418.2607872,"total":3637.9447957999996,"children":{"InitializeActuators":{"count":6,"self":0.0015095999999999998,"total":0.0015095999999999998,"children":null},"InitializeSensors":{"count":6,"self":0.0030057,"total":0.0030057,"children":null},"AgentSendState":{"count":630811,"self":33.627068799999996,"total":57.0175938,"children":{"CollectObservations":{"count":756978,"self":1.7259718,"total":1.7259718,"children":null},"WriteActionMask":{"count":756978,"self":0.57989669999999993,"total":0.57989669999999993,"children":null},"RequestDecision":{"count":756978,"self":4.7713184,"total":21.0846572,"children":{"AgentInfo.ToProto":{"count":756978,"self":2.5085363999999997,"total":16.313338599999998,"children":{"GenerateSensorData":{"count":756978,"self":11.5067848,"total":13.8048021,"children":{"RayPerceptionSensor.Perceive":{"count":1513956,"self":2.2980169999999998,"total":2.2980169999999998,"children":null}}}}}}}}},"DecideAction":{"count":630811,"self":1133.730304,"total":1133.7303230999999,"children":null},"AgentAct":{"count":630811,"self":28.8982112,"total":28.910306,"children":{"AgentInfo.ToProto":{"count":272,"self":0.0035336,"total":0.0120959,"children":{"GenerateSensorData":{"count":272,"self":0.0085623,"total":0.0085623,"children":{"RayPerceptionSensor.Perceive":{"count":544,"self":0,"total":0,"children":null}}}}}}},"AgentInfo.ToProto":{"count":576,"self":0.0046425,"total":0.021293899999999998,"children":{"GenerateSensorData":{"count":576,"self":0.013137099999999999,"total":0.0166514,"children":{"RayPerceptionSensor.Perceive":{"count":1152,"self":0.0035142999999999997,"total":0.0035142999999999997,"children":null}}}}}},"gauges":{"RacingBehaviour.CumulativeReward":{"count":848,"max":-3.00751472,"min":-10.24329,"runningAverage":-4.6750617,"value":-5.12870073,"weightedAverage":-4.659423}},"metadata":{"timer_format_version":"0.1.0","start_time_seconds":"1761579371","unity_version":"6000.0.47f1","command_line_arguments":"C:\\Program Files\\Unity\\Hub\\Editor\\6000.0.47f1\\Editor\\Unity.exe -projectpath S:\\Github2.0\\AI_GameProject_FYP -useHub -hubIPC -cloudEnvironment production","communication_protocol_version":"1.5.0","com.unity.ml-agents_version":"4.0.0","scene_name":"SampleScene","end_time_seconds":"1761583008"}}