{"count":1,"self":57.7804736,"total":414.9459352,"children":{"InitializeActuators":{"count":371,"self":0.0030593,"total":0.0030593,"children":null},"InitializeSensors":{"count":371,"self":0.0044202999999999994,"total":0.0044202999999999994,"children":null},"AgentSendState":{"count":68159,"self":0.2896507,"total":2.0096439999999998,"children":{"CollectObservations":{"count":197024,"self":0.5495548,"total":0.5495548,"children":null},"WriteActionMask":{"count":197024,"self":0.039391999999999996,"total":0.039391999999999996,"children":null},"RequestDecision":{"count":197024,"self":0.22927899999999998,"total":1.1310464999999998,"children":{"AgentInfo.ToProto":{"count":197024,"self":0.1739037,"total":0.90176749999999994,"children":{"GenerateSensorData":{"count":197024,"self":0.7278638,"total":0.7278638,"children":null}}}}}}},"DecideAction":{"count":68159,"self":350.63459839999996,"total":350.63459109999997,"children":null},"AgentAct":{"count":68159,"self":4.5083,"total":4.5082998,"children":null},"AgentInfo.ToProto":{"count":357,"self":0.0024784,"total":0.005449,"children":{"GenerateSensorData":{"count":357,"self":0.0029706,"total":0.0029706,"children":null}}}},"gauges":{"Spikeball.CumulativeReward":{"count":357,"max":927.17926,"min":36.5203476,"runningAverage":226.285431,"value":220.225754,"weightedAverage":228.748291}},"metadata":{"timer_format_version":"0.1.0","start_time_seconds":"1758177905","unity_version":"6000.0.47f1","command_line_arguments":"C:\\Program Files\\Unity\\Hub\\Editor\\6000.0.47f1\\Editor\\Unity.exe -projectpath C:\\Users\\Esmond\\Unity\\AI_GameProject_FYP -acceptSoftwareTermsForThisRunOnly -useHub -hubIPC -cloudEnvironment production","communication_protocol_version":"1.5.0","com.unity.ml-agents_version":"4.0.0","scene_name":"Spikeball","end_time_seconds":"1758178320"}}