{"count":1,"self":7711.563776,"total":8381.9584657,"children":{"InitializeActuators":{"count":6,"self":0.0026092999999999997,"total":0.0026092999999999997,"children":null},"InitializeSensors":{"count":6,"self":0.0011964,"total":0.0011964,"children":null},"AgentSendState":{"count":13192005,"self":7.2814304,"total":9.4338027999999987,"children":{"CollectObservations":{"count":55607,"self":0.88565989999999994,"total":0.88565989999999994,"children":null},"WriteActionMask":{"count":55607,"self":0.058411399999999995,"total":0.058411399999999995,"children":null},"RequestDecision":{"count":55607,"self":0.30290839999999997,"total":1.2083011,"children":{"AgentInfo.ToProto":{"count":55607,"self":0.2496486,"total":0.90539269999999994,"children":{"GenerateSensorData":{"count":55607,"self":0.65574409999999994,"total":0.65574409999999994,"children":null}}}}}}},"DecideAction":{"count":13192005,"self":656.5505536,"total":656.5505286,"children":null},"AgentAct":{"count":13192005,"self":4.4015924,"total":4.4015924,"children":null},"AgentInfo.ToProto":{"count":362,"self":0,"total":0.0043197999999999995,"children":{"GenerateSensorData":{"count":362,"self":0.0043197999999999995,"total":0.0043197999999999995,"children":null}}}},"gauges":{"Baller.CumulativeReward":{"count":362,"max":1085.80969,"min":-1233.79419,"runningAverage":-115.011604,"value":-320.654266,"weightedAverage":-330.0364}},"metadata":{"timer_format_version":"0.1.0","start_time_seconds":"1757986362","unity_version":"6000.0.47f1","command_line_arguments":"C:\\Program Files\\Unity\\Hub\\Editor\\6000.0.47f1\\Editor\\Unity.exe -projectpath C:\\Users\\Esmond\\Unity\\AI_GameProject_FYP -acceptSoftwareTermsForThisRunOnly -useHub -hubIPC -cloudEnvironment production","communication_protocol_version":"1.5.0","com.unity.ml-agents_version":"4.0.0","scene_name":"TestScene","end_time_seconds":"1757994744"}}