{"count":1,"self":868.06937599999992,"total":8007.7141427999995,"children":{"InitializeActuators":{"count":50,"self":0.0015011999999999998,"total":0.0015011999999999998,"children":null},"InitializeSensors":{"count":50,"self":0.0030678,"total":0.0030678,"children":null},"AgentSendState":{"count":841267,"self":14.3946832,"total":70.636540799999992,"children":{"CollectObservations":{"count":8412700,"self":6.7400056,"total":6.7400053,"children":null},"WriteActionMask":{"count":8412700,"self":2.1817227999999997,"total":2.1817229,"children":null},"RequestDecision":{"count":8412700,"self":11.665434399999999,"total":47.3201289,"children":{"AgentInfo.ToProto":{"count":8412700,"self":11.2534096,"total":35.6546942,"children":{"GenerateSensorData":{"count":8412700,"self":24.4012848,"total":24.4012849,"children":null}}}}}}},"DecideAction":{"count":841267,"self":6922.42432,"total":6922.4243805999995,"children":null},"AgentAct":{"count":841267,"self":144.57505279999998,"total":144.5750466,"children":null},"AgentInfo.ToProto":{"count":99020,"self":0.8312541,"total":1.9997468999999999,"children":{"GenerateSensorData":{"count":99020,"self":1.1684927999999999,"total":1.1684927999999999,"children":null}}}},"gauges":{"Tagger.CumulativeReward":{"count":31312,"max":16.3510628,"min":-19.4308434,"runningAverage":3.43511558,"value":5.13297939,"weightedAverage":1.44944239},"Runner.CumulativeReward":{"count":67708,"max":884.039368,"min":-23.2753639,"runningAverage":1.08000708,"value":-7.28479671,"weightedAverage":-1.38505936}},"metadata":{"timer_format_version":"0.1.0","start_time_seconds":"1760342200","unity_version":"6000.0.47f1","command_line_arguments":"C:\\Program Files\\Unity\\Hub\\Editor\\6000.0.47f1\\Editor\\Unity.exe -projectpath C:\\Users\\Kaylen\\OneDrive\\Desktop\\Unity Projects\\AI_GameProject_FYP -useHub -hubIPC -cloudEnvironment production","communication_protocol_version":"1.5.0","com.unity.ml-agents_version":"4.0.0","scene_name":"Training","end_time_seconds":"1760350207"}}