{
    "name": "root",
    "gauges": {
        "BadmintionAgent.Policy.Entropy.mean": {
            "value": 2.071769952774048,
            "min": 2.071769952774048,
            "max": 2.071769952774048,
            "count": 1
        },
        "BadmintionAgent.Policy.Entropy.sum": {
            "value": 20684.55078125,
            "min": 20684.55078125,
            "max": 20684.55078125,
            "count": 1
        },
        "BadmintionAgent.Environment.EpisodeLength.mean": {
            "value": 98.0,
            "min": 98.0,
            "max": 98.0,
            "count": 1
        },
        "BadmintionAgent.Environment.EpisodeLength.sum": {
            "value": 98.0,
            "min": 98.0,
            "max": 98.0,
            "count": 1
        },
        "BadmintionAgent.Step.mean": {
            "value": 1349878.0,
            "min": 1349878.0,
            "max": 1349878.0,
            "count": 1
        },
        "BadmintionAgent.Step.sum": {
            "value": 1349878.0,
            "min": 1349878.0,
            "max": 1349878.0,
            "count": 1
        },
        "BadmintionAgent.Policy.ExtrinsicValueEstimate.mean": {
            "value": -16.566009521484375,
            "min": -16.566009521484375,
            "max": -16.566009521484375,
            "count": 1
        },
        "BadmintionAgent.Policy.ExtrinsicValueEstimate.sum": {
            "value": -1143.0546875,
            "min": -1143.0546875,
            "max": -1143.0546875,
            "count": 1
        },
        "BadmintionAgent.Environment.CumulativeReward.mean": {
            "value": -26.619998931884766,
            "min": -26.619998931884766,
            "max": -26.619998931884766,
            "count": 1
        },
        "BadmintionAgent.Environment.CumulativeReward.sum": {
            "value": -26.619998931884766,
            "min": -26.619998931884766,
            "max": -26.619998931884766,
            "count": 1
        },
        "BadmintionAgent.Policy.ExtrinsicReward.mean": {
            "value": -26.619998931884766,
            "min": -26.619998931884766,
            "max": -26.619998931884766,
            "count": 1
        },
        "BadmintionAgent.Policy.ExtrinsicReward.sum": {
            "value": -26.619998931884766,
            "min": -26.619998931884766,
            "max": -26.619998931884766,
            "count": 1
        },
        "BadmintionAgent.IsTraining.mean": {
            "value": 1.0,
            "min": 1.0,
            "max": 1.0,
            "count": 1
        },
        "BadmintionAgent.IsTraining.sum": {
            "value": 1.0,
            "min": 1.0,
            "max": 1.0,
            "count": 1
        }
    },
    "metadata": {
        "timer_format_version": "0.1.0",
        "start_time_seconds": "1761384722",
        "python_version": "3.10.12 | packaged by Anaconda, Inc. | (main, Jul  5 2023, 19:01:18) [MSC v.1916 64 bit (AMD64)]",
        "command_line_arguments": "S:\\FypStuff\\miniconda3\\envs\\mlagents\\Scripts\\mlagents-learn config/BadmintionTrainer_Config.yaml --run-id=BdmVer2Test2 --resume",
        "mlagents_version": "1.2.0.dev0",
        "mlagents_envs_version": "1.2.0.dev0",
        "communication_protocol_version": "1.5.0",
        "pytorch_version": "2.2.2+cu121",
        "numpy_version": "1.23.5",
        "end_time_seconds": "1761384835"
    },
    "total": 113.39834229999906,
    "count": 1,
    "self": 0.005987699998513563,
    "children": {
        "run_training.setup": {
            "total": 0.10377020000123593,
            "count": 1,
            "self": 0.10377020000123593
        },
        "TrainerController.start_learning": {
            "total": 113.28858439999931,
            "count": 1,
            "self": 0.010176300014791195,
            "children": {
                "TrainerController._reset_env": {
                    "total": 9.730199200001152,
                    "count": 1,
                    "self": 9.730199200001152
                },
                "TrainerController.advance": {
                    "total": 103.37844949998362,
                    "count": 491,
                    "self": 0.009967800002414151,
                    "children": {
                        "env_step": {
                            "total": 102.4632889999848,
                            "count": 491,
                            "self": 99.3141041999861,
                            "children": {
                                "SubprocessEnvManager._take_step": {
                                    "total": 3.1427110000058747,
                                    "count": 491,
                                    "self": 0.03452450003896956,
                                    "children": {
                                        "TorchPolicy.evaluate": {
                                            "total": 3.108186499966905,
                                            "count": 490,
                                            "self": 3.108186499966905
                                        }
                                    }
                                },
                                "workers": {
                                    "total": 0.006473799992818385,
                                    "count": 490,
                                    "self": 0.0,
                                    "children": {
                                        "worker_root": {
                                            "total": 42.50297119998504,
                                            "count": 490,
                                            "is_parallel": true,
                                            "self": 6.8932986999989225,
                                            "children": {
                                                "steps_from_proto": {
                                                    "total": 0.0008187000003090361,
                                                    "count": 1,
                                                    "is_parallel": true,
                                                    "self": 0.00026950000028591603,
                                                    "children": {
                                                        "_process_rank_one_or_two_observation": {
                                                            "total": 0.0005492000000231201,
                                                            "count": 2,
                                                            "is_parallel": true,
                                                            "self": 0.0005492000000231201
                                                        }
                                                    }
                                                },
                                                "UnityEnvironment.step": {
                                                    "total": 35.60885379998581,
                                                    "count": 490,
                                                    "is_parallel": true,
                                                    "self": 0.12040430000888591,
                                                    "children": {
                                                        "UnityEnvironment._generate_step_input": {
                                                            "total": 0.40560889999869687,
                                                            "count": 490,
                                                            "is_parallel": true,
                                                            "self": 0.40560889999869687
                                                        },
                                                        "communicator.exchange": {
                                                            "total": 34.77374019998388,
                                                            "count": 490,