{
    "name": "root",
    "gauges": {
        "Fighter.Policy.Entropy.mean": {
            "value": 1.4972773790359497,
            "min": 1.4332807064056396,
            "max": 2.5016071796417236,
            "count": 30
        },
        "Fighter.Policy.Entropy.sum": {
            "value": 74744.0859375,
            "min": 65033.1484375,
            "max": 124880.2265625,
            "count": 30
        },
        "Fighter.Step.mean": {
            "value": 1999957.0,
            "min": 549973.0,
            "max": 1999957.0,
            "count": 30
        },
        "Fighter.Step.sum": {
            "value": 1999957.0,
            "min": 549973.0,
            "max": 1999957.0,
            "count": 30
        },
        "Fighter.Policy.ExtrinsicValueEstimate.mean": {
            "value": 1568.719970703125,
            "min": -65194.98046875,
            "max": 1972220.125,
            "count": 30
        },
        "Fighter.Policy.ExtrinsicValueEstimate.sum": {
            "value": 1225170.25,
            "min": -50917280.0,
            "max": 1540303872.0,
            "count": 30
        },
        "Fighter.Losses.PolicyLoss.mean": {
            "value": 0.2605558150758346,
            "min": 0.021353562137422462,
            "max": 0.3011829861750205,
            "count": 30
        },
        "Fighter.Losses.PolicyLoss.sum": {
            "value": 1.0422232603033383,
            "min": 0.042707124274844924,
            "max": 1.4970394973953565,
            "count": 30
        },
        "Fighter.Losses.ValueLoss.mean": {
            "value": 1104281.2427083333,
            "min": 1.4225012570619584,
            "max": 18385678387.199997,
            "count": 30
        },
        "Fighter.Losses.ValueLoss.sum": {
            "value": 4417124.970833333,
            "min": 2.845002514123917,
            "max": 84083692646.4,
            "count": 30
        },
        "Fighter.Policy.LearningRate.mean": {
            "value": 3.4817488394499976e-06,
            "min": 3.4817488394499976e-06,
            "max": 0.00021890567703144995,
            "count": 30
        },
        "Fighter.Policy.LearningRate.sum": {
            "value": 1.392699535779999e-05,
            "min": 1.392699535779999e-05,
            "max": 0.0010333284055572501,
            "count": 30
        },
        "Fighter.Policy.Epsilon.mean": {
            "value": 0.10116055000000002,
            "min": 0.10116055000000002,
            "max": 0.17296855000000005,
            "count": 30
        },
        "Fighter.Policy.Epsilon.sum": {
            "value": 0.40464220000000006,
            "min": 0.3459371000000001,
            "max": 0.84444275,
            "count": 30
        },
        "Fighter.Policy.Beta.mean": {
            "value": 6.791144499999996e-05,
            "min": 6.791144499999996e-05,
            "max": 0.0036511306450000003,
            "count": 30
        },
        "Fighter.Policy.Beta.sum": {
            "value": 0.00027164577999999986,
            "min": 0.00027164577999999986,
            "max": 0.017237693225,
            "count": 30
        },
        "Fighter.IsTraining.mean": {
            "value": 1.0,
            "min": 1.0,
            "max": 1.0,
            "count": 30
        },
        "Fighter.IsTraining.sum": {
            "value": 1.0,
            "min": 1.0,
            "max": 1.0,
            "count": 30
        }
    },
    "metadata": {
        "timer_format_version": "0.1.0",
        "start_time_seconds": "1757305403",
        "python_version": "3.10.12 | packaged by Anaconda, Inc. | (main, Jul  5 2023, 19:01:18) [MSC v.1916 64 bit (AMD64)]",
        "command_line_arguments": "C:\\Users\\Esmond\\miniconda3\\envs\\mlagents\\Scripts\\mlagents-learn Config/fighter_config.yaml --run-id=TestAI --resume",
        "mlagents_version": "1.1.0",
        "mlagents_envs_version": "1.1.0",
        "communication_protocol_version": "1.5.0",
        "pytorch_version": "2.2.2+cu121",
        "numpy_version": "1.23.5",
        "end_time_seconds": "1757309063"
    },
    "total": 3660.51067779999,
    "count": 1,
    "self": 0.0242969999962952,
    "children": {
        "run_training.setup": {
            "total": 0.15455569999176078,
            "count": 1,
            "self": 0.15455569999176078
        },
        "TrainerController.start_learning": {
            "total": 3660.331825100002,
            "count": 1,
            "self": 5.751349993486656,
            "children": {
                "TrainerController._reset_env": {
                    "total": 10.521110500005307,
                    "count": 1,
                    "self": 10.521110500005307
                },
                "TrainerController.advance": {
                    "total": 3643.804593106499,
                    "count": 147584,
                    "self": 6.107910397229716,
                    "children": {
                        "env_step": {
                            "total": 2664.366103905806,
                            "count": 147584,
                            "self": 1075.071681689209,
                            "children": {
                                "SubprocessEnvManager._take_step": {
                                    "total": 1585.4236572079244,
                                    "count": 147584,
                                    "self": 19.97016070690006,
                                    "children": {
                                        "TorchPolicy.evaluate": {
                                            "total": 1565.4534965010243,
                                            "count": 147584,
                                            "self": 1565.4534965010243
                                        }
                                    }
                                },
                                "workers": {
                                    "total": 3.870765008672606,
                                    "count": 147584,
                                    "self": 0.0,
                                    "children": {
                                        "worker_root": {
                                            "total": 3647.737636299047,
                                            "count": 147584,
                                            "is_parallel": true,
                                            "self": 2962.8800009994884,
                                            "children": {
                                                "steps_from_proto": {
                                                    "total": 0.00255580001976341,
                                                    "count": 1,
                                                    "is_parallel": true,
                                                    "self": 0.0008706000517122447,
                                                    "children": {
                                                        "_process_rank_one_or_two_observation": {
                                                            "total": 0.0016851999680511653,
                                                            "count": 2,
                                                            "is_parallel": true,
                                                            "self": 0.0016851999680511653
                                                        }
                                                    }
                                                },
                                                "UnityEnvironment.step": {
                                                    "total": 684.855079499539,
                                                    "count": 147584,
                                                    "is_parallel": true,
                                                    "self": 19.314939790870994,