{
    "name": "root",
    "gauges": {
        "Fighter.Policy.Entropy.mean": {
            "value": 2.401437520980835,
            "min": 2.401437520980835,
            "max": 2.411965847015381,
            "count": 2
        },
        "Fighter.Policy.Entropy.sum": {
            "value": 120081.4765625,
            "min": 60366.6796875,
            "max": 120081.4765625,
            "count": 2
        },
        "Fighter.Step.mean": {
            "value": 699942.0,
            "min": 649988.0,
            "max": 699942.0,
            "count": 2
        },
        "Fighter.Step.sum": {
            "value": 699942.0,
            "min": 649988.0,
            "max": 699942.0,
            "count": 2
        },
        "Fighter.Policy.ExtrinsicValueEstimate.mean": {
            "value": 4.365420341491699,
            "min": 4.35866117477417,
            "max": 4.365420341491699,
            "count": 2
        },
        "Fighter.Policy.ExtrinsicValueEstimate.sum": {
            "value": 3767.35791015625,
            "min": 1861.1483154296875,
            "max": 3767.35791015625,
            "count": 2
        },
        "Fighter.Environment.EpisodeLength.mean": {
            "value": 282.2613636363636,
            "min": 282.2613636363636,
            "max": 310.0886075949367,
            "count": 2
        },
        "Fighter.Environment.EpisodeLength.sum": {
            "value": 49678.0,
            "min": 24497.0,
            "max": 49678.0,
            "count": 2
        },
        "Fighter.Environment.CumulativeReward.mean": {
            "value": 17.612485523446132,
            "min": 17.612485523446132,
            "max": 18.37230750822868,
            "count": 2
        },
        "Fighter.Environment.CumulativeReward.sum": {
            "value": 3117.4099376499653,
            "min": 1433.0399856418371,
            "max": 3117.4099376499653,
            "count": 2
        },
        "Fighter.Policy.ExtrinsicReward.mean": {
            "value": 17.612485523446132,
            "min": 17.612485523446132,
            "max": 18.37230750822868,
            "count": 2
        },
        "Fighter.Policy.ExtrinsicReward.sum": {
            "value": 3117.4099376499653,
            "min": 1433.0399856418371,
            "max": 3117.4099376499653,
            "count": 2
        },
        "Fighter.Losses.PolicyLoss.mean": {
            "value": 0.020389954163789904,
            "min": 0.01755683633964509,
            "max": 0.020389954163789904,
            "count": 2
        },
        "Fighter.Losses.PolicyLoss.sum": {
            "value": 0.10194977081894951,
            "min": 0.03511367267929018,
            "max": 0.10194977081894951,
            "count": 2
        },
        "Fighter.Losses.ValueLoss.mean": {
            "value": 6.654268369674682,
            "min": 5.5179190039634705,
            "max": 6.654268369674682,
            "count": 2
        },
        "Fighter.Losses.ValueLoss.sum": {
            "value": 33.27134184837341,
            "min": 11.035838007926941,
            "max": 33.27134184837341,
            "count": 2
        },
        "Fighter.Policy.LearningRate.mean": {
            "value": 0.00019852740382421004,
            "min": 0.00019852740382421004,
            "max": 0.00020392330702557503,
            "count": 2
        },
        "Fighter.Policy.LearningRate.sum": {
            "value": 0.0009926370191210502,
            "min": 0.00040784661405115005,
            "max": 0.0009926370191210502,
            "count": 2
        },
        "Fighter.Policy.Epsilon.mean": {
            "value": 0.16617579000000002,
            "min": 0.16617579000000002,
            "max": 0.16797442499999993,
            "count": 2
        },
        "Fighter.Policy.Epsilon.sum": {
            "value": 0.8308789500000001,
            "min": 0.33594884999999985,
            "max": 0.8308789500000001,
            "count": 2
        },
        "Fighter.Policy.Beta.mean": {
            "value": 0.0033121719210000003,
            "min": 0.0033121719210000003,
            "max": 0.0034019238075000016,
            "count": 2
        },
        "Fighter.Policy.Beta.sum": {
            "value": 0.016560859605000002,
            "min": 0.006803847615000003,
            "max": 0.016560859605000002,
            "count": 2
        },
        "Fighter.IsTraining.mean": {
            "value": 1.0,
            "min": 1.0,
            "max": 1.0,
            "count": 2
        },
        "Fighter.IsTraining.sum": {
            "value": 1.0,
            "min": 1.0,
            "max": 1.0,
            "count": 2
        }
    },
    "metadata": {
        "timer_format_version": "0.1.0",
        "start_time_seconds": "1756979461",
        "python_version": "3.10.12 | packaged by Anaconda, Inc. | (main, Jul  5 2023, 19:01:18) [MSC v.1916 64 bit (AMD64)]",
        "command_line_arguments": "C:\\Users\\Esmond\\miniconda3\\envs\\mlagents\\Scripts\\mlagents-learn Config/fighter_config.yaml --run-id=TestAI --resume",
        "mlagents_version": "1.1.0",
        "mlagents_envs_version": "1.1.0",
        "communication_protocol_version": "1.5.0",
        "pytorch_version": "2.2.2+cu121",
        "numpy_version": "1.23.5",
        "end_time_seconds": "1756979926"
    },
    "total": 465.839621600011,
    "count": 1,
    "self": 0.016987600014545023,
    "children": {
        "run_training.setup": {
            "total": 0.09134240000275895,
            "count": 1,
            "self": 0.09134240000275895
        },
        "TrainerController.start_learning": {
            "total": 465.7312915999937,
            "count": 1,
            "self": 0.8954092007916188,
            "children": {
                "TrainerController._reset_env": {
                    "total": 8.82708650000859,
                    "count": 1,
                    "self": 8.82708650000859
                },
                "TrainerController.advance": {
                    "total": 455.64863309920474,
                    "count": 20828,
                    "self": 0.9035697007930139,
                    "children": {
                        "env_step": {
                            "total": 395.8754827979865,
                            "count": 20828,
                            "self": 134.15826769896375,
                            "children": {
                                "SubprocessEnvManager._take_step": {
                                    "total": 261.147612599103,
                                    "count": 20828,
                                    "self": 2.682538597189705,
                                    "children": {
                                        "TorchPolicy.evaluate": {
                                            "total": 258.4650740019133,
                                            "count": 20594,
                                            "self": 258.4650740019133
                                        }
                                    }
                                },
                                "workers": {
                                    "total": 0.5696024999197107,
                                    "count": 20827,
                                    "self": 0.0,
                                    "children": {
                                        "worker_root": {
                                            "total": 457.10738390083134,
                                            "count": 20827,
                                            "is_parallel": true,
                                            "self": 367.86723380083276,
                                            "children": {
                                                "steps_from_proto": {
                                                    "total": 0.0003823000006377697,
                                                    "count": 1,
                                                    "is_parallel": true,