{
    "name": "root",
    "gauges": {
        "Fighter.Policy.Entropy.mean": {
            "value": 2.4423985481262207,
            "min": 2.2239277362823486,
            "max": 2.5021047592163086,
            "count": 40
        },
        "Fighter.Policy.Entropy.sum": {
            "value": 122364.171875,
            "min": 110773.8359375,
            "max": 125755.78125,
            "count": 40
        },
        "Fighter.Environment.EpisodeLength.mean": {
            "value": 848.2622950819672,
            "min": 87.9404332129964,
            "max": 1493.78125,
            "count": 40
        },
        "Fighter.Environment.EpisodeLength.sum": {
            "value": 51744.0,
            "min": 41891.0,
            "max": 56315.0,
            "count": 40
        },
        "Fighter.Step.mean": {
            "value": 1999975.0,
            "min": 49977.0,
            "max": 1999975.0,
            "count": 40
        },
        "Fighter.Step.sum": {
            "value": 1999975.0,
            "min": 49977.0,
            "max": 1999975.0,
            "count": 40
        },
        "Fighter.Policy.ExtrinsicValueEstimate.mean": {
            "value": -0.4730856418609619,
            "min": -3.81386661529541,
            "max": 0.16682082414627075,
            "count": 40
        },
        "Fighter.Policy.ExtrinsicValueEstimate.sum": {
            "value": -383.6724548339844,
            "min": -3760.472412109375,
            "max": 136.95989990234375,
            "count": 40
        },
        "Fighter.Environment.CumulativeReward.mean": {
            "value": -0.4481954347403323,
            "min": -31.80187264480628,
            "max": -0.4481954347403323,
            "count": 40
        },
        "Fighter.Environment.CumulativeReward.sum": {
            "value": -27.33992151916027,
            "min": -4275.19993185997,
            "max": -27.33992151916027,
            "count": 40
        },
        "Fighter.Policy.ExtrinsicReward.mean": {
            "value": -0.4481954347403323,
            "min": -31.80187264480628,
            "max": -0.4481954347403323,
            "count": 40
        },
        "Fighter.Policy.ExtrinsicReward.sum": {
            "value": -27.33992151916027,
            "min": -4275.19993185997,
            "max": -27.33992151916027,
            "count": 40
        },
        "Fighter.Losses.PolicyLoss.mean": {
            "value": 0.02237608550085497,
            "min": 0.020883793414298753,
            "max": 0.026949978470317243,
            "count": 40
        },
        "Fighter.Losses.PolicyLoss.sum": {
            "value": 0.11188042750427485,
            "min": 0.08943012319408201,
            "max": 0.13474989235158621,
            "count": 40
        },
        "Fighter.Losses.ValueLoss.mean": {
            "value": 5.044367157618205,
            "min": 0.7579704262812932,
            "max": 5.369171772400538,
            "count": 40
        },
        "Fighter.Losses.ValueLoss.sum": {
            "value": 25.221835788091024,
            "min": 3.789852131406466,
            "max": 25.221835788091024,
            "count": 40
        },
        "Fighter.Policy.LearningRate.mean": {
            "value": 4.051508649530005e-06,
            "min": 4.051508649530005e-06,
            "max": 0.00029615347628217495,
            "count": 40
        },
        "Fighter.Policy.LearningRate.sum": {
            "value": 2.0257543247650026e-05,
            "min": 2.0257543247650026e-05,
            "max": 0.0014461117679627497,
            "count": 40
        },
        "Fighter.Policy.Epsilon.mean": {
            "value": 0.10135047000000001,
            "min": 0.10135047000000001,
            "max": 0.19871782499999996,
            "count": 40
        },
        "Fighter.Policy.Epsilon.sum": {
            "value": 0.5067523500000001,
            "min": 0.4249430500000001,
            "max": 0.9820372500000004,
            "count": 40
        },
        "Fighter.Policy.Beta.mean": {
            "value": 7.738845300000007e-05,
            "min": 7.738845300000007e-05,
            "max": 0.0049360194675,
            "count": 40
        },
        "Fighter.Policy.Beta.sum": {
            "value": 0.0003869422650000004,
            "min": 0.0003869422650000004,
            "max": 0.024103658774999995,
            "count": 40
        },
        "Fighter.IsTraining.mean": {
            "value": 1.0,
            "min": 1.0,
            "max": 1.0,
            "count": 40
        },
        "Fighter.IsTraining.sum": {
            "value": 1.0,
            "min": 1.0,
            "max": 1.0,
            "count": 40
        }
    },
    "metadata": {
        "timer_format_version": "0.1.0",
        "start_time_seconds": "1757470629",
        "python_version": "3.10.12 | packaged by Anaconda, Inc. | (main, Jul  5 2023, 19:01:18) [MSC v.1916 64 bit (AMD64)]",
        "command_line_arguments": "C:\\Users\\Esmond\\miniconda3\\envs\\mlagents\\Scripts\\mlagents-learn Config/fighter_config.yaml --run-id=TestAI --force",
        "mlagents_version": "1.1.0",
        "mlagents_envs_version": "1.1.0",
        "communication_protocol_version": "1.5.0",
        "pytorch_version": "2.2.2+cu121",
        "numpy_version": "1.23.5",
        "end_time_seconds": "1757475911"
    },
    "total": 5282.551245499984,
    "count": 1,
    "self": 0.017901799961691722,
    "children": {
        "run_training.setup": {
            "total": 0.07810919999610633,
            "count": 1,
            "self": 0.07810919999610633
        },
        "TrainerController.start_learning": {
            "total": 5282.455234500027,
            "count": 1,
            "self": 8.715629990154412,
            "children": {
                "TrainerController._reset_env": {
                    "total": 10.845535300002666,
                    "count": 1,
                    "self": 10.845535300002666
                },
                "TrainerController.advance": {
                    "total": 5262.649094509863,
                    "count": 204121,
                    "self": 8.646159395109862,
                    "children": {
                        "env_step": {
                            "total": 3861.272093710897,
                            "count": 204121,
                            "self": 1463.5171506149636,
                            "children": {
                                "SubprocessEnvManager._take_step": {
                                    "total": 2392.3339581016626,
                                    "count": 204121,
                                    "self": 27.383153493399732,
                                    "children": {
                                        "TorchPolicy.evaluate": {
                                            "total": 2364.950804608263,
                                            "count": 200037,
                                            "self": 2364.950804608263
                                        }
                                    }
                                },
                                "workers": {
                                    "total": 5.420984994270839,
                                    "count": 204121,
                                    "self": 0.0,
                                    "children": {
                                        "worker_root": {
                                            "total": 5268.018645699049,
                                            "count": 204121,
                                            "is_parallel": true,
                                            "self": 4339.870680402964,
                                            "children": {
                                                "steps_from_proto": {
                                                    "total": 0.00046759998076595366,
                                                    "count": 1,
                                                    "is_parallel": true,