{
    "name": "root",
    "gauges": {
        "Pong.Policy.Entropy.mean": {
            "value": 0.45957043766975403,
            "min": 0.43153852224349976,
            "max": 1.071956992149353,
            "count": 80
        },
        "Pong.Policy.Entropy.sum": {
            "value": 23419.25,
            "min": 22109.013671875,
            "max": 54545.4609375,
            "count": 80
        },
        "Pong.Step.mean": {
            "value": 3999955.0,
            "min": 49956.0,
            "max": 3999955.0,
            "count": 80
        },
        "Pong.Step.sum": {
            "value": 3999955.0,
            "min": 49956.0,
            "max": 3999955.0,
            "count": 80
        },
        "Pong.Policy.ExtrinsicValueEstimate.mean": {
            "value": -0.5051217675209045,
            "min": -2.685168504714966,
            "max": 2.9594695568084717,
            "count": 80
        },
        "Pong.Policy.ExtrinsicValueEstimate.sum": {
            "value": -398.54107666015625,
            "min": -2142.764404296875,
            "max": 2358.697265625,
            "count": 80
        },
        "Pong.Environment.EpisodeLength.mean": {
            "value": 901.0,
            "min": 530.6153846153846,
            "max": 1036.5882352941176,
            "count": 80
        },
        "Pong.Environment.EpisodeLength.sum": {
            "value": 12614.0,
            "min": 6898.0,
            "max": 32204.0,
            "count": 80
        },
        "Pong.Self-play.ELO.mean": {
            "value": 39.93328254681743,
            "min": 39.93328254681743,
            "max": 1182.019213987415,
            "count": 80
        },
        "Pong.Self-play.ELO.sum": {
            "value": 559.065955655444,
            "min": 559.065955655444,
            "max": 43531.44026449813,
            "count": 80
        },
        "Pong.Environment.CumulativeReward.mean": {
            "value": -6.623229456799371,
            "min": -32.93998662914549,
            "max": 2.134951283534368,
            "count": 80
        },
        "Pong.Environment.CumulativeReward.sum": {
            "value": -92.72521239519119,
            "min": -1152.899532020092,
            "max": 25.619415402412415,
            "count": 80
        },
        "Pong.Policy.ExtrinsicReward.mean": {
            "value": -6.623229456799371,
            "min": -32.93998662914549,
            "max": 2.134951283534368,
            "count": 80
        },
        "Pong.Policy.ExtrinsicReward.sum": {
            "value": -92.72521239519119,
            "min": -1152.899532020092,
            "max": 25.619415402412415,
            "count": 80
        },
        "Pong.Losses.PolicyLoss.mean": {
            "value": 0.024393768946950632,
            "min": 0.02018533274065703,
            "max": 0.02872219697882732,
            "count": 80
        },
        "Pong.Losses.PolicyLoss.sum": {
            "value": 0.12196884473475317,
            "min": 0.08175528580322862,
            "max": 0.1436109848941366,
            "count": 80
        },
        "Pong.Losses.ValueLoss.mean": {
            "value": 0.31952428191900256,
            "min": 0.26133749455213545,
            "max": 1.7239493111769357,
            "count": 80
        },
        "Pong.Losses.ValueLoss.sum": {
            "value": 1.5976214095950128,
            "min": 1.1259431878725688,
            "max": 6.895797244707743,
            "count": 80
        },
        "Pong.Policy.LearningRate.mean": {
            "value": 2.0182893272699974e-06,
            "min": 2.0182893272699974e-06,
            "max": 0.00029804718815093744,
            "count": 80
        },
        "Pong.Policy.LearningRate.sum": {
            "value": 1.0091446636349987e-05,
            "min": 1.0091446636349987e-05,
            "max": 0.0014726759341080246,
            "count": 80
        },
        "Pong.Policy.Epsilon.mean": {
            "value": 0.10067273000000002,
            "min": 0.10067273000000002,
            "max": 0.1993490625,
            "count": 80
        },
        "Pong.Policy.Epsilon.sum": {
            "value": 0.50336365,
            "min": 0.4125753000000001,
            "max": 0.9908919750000003,
            "count": 80
        },
        "Pong.Policy.Beta.mean": {
            "value": 4.3569226999999956e-05,
            "min": 4.3569226999999956e-05,
            "max": 0.004967518218750001,
            "count": 80
        },
        "Pong.Policy.Beta.sum": {
            "value": 0.0002178461349999998,
            "min": 0.0002178461349999998,
            "max": 0.024545509552499997,
            "count": 80
        },
        "Pong.IsTraining.mean": {
            "value": 1.0,
            "min": 1.0,
            "max": 1.0,
            "count": 80
        },
        "Pong.IsTraining.sum": {
            "value": 1.0,
            "min": 1.0,
            "max": 1.0,
            "count": 80
        }
    },
    "metadata": {
        "timer_format_version": "0.1.0",
        "start_time_seconds": "1762824434",
        "python_version": "3.10.12 | packaged by Anaconda, Inc. | (main, Jul  5 2023, 19:01:18) [MSC v.1916 64 bit (AMD64)]",
        "command_line_arguments": "C:\\Users\\233147H\\.conda\\envs\\mlagents\\Scripts\\mlagents-learn Config/pong_config.yaml --run-id=EasiestPongAI --force",
        "mlagents_version": "1.2.0.dev0",
        "mlagents_envs_version": "1.2.0.dev0",
        "communication_protocol_version": "1.5.0",
        "pytorch_version": "2.2.2+cu121",
        "numpy_version": "1.23.5",
        "end_time_seconds": "1762832021"
    },
    "total": 7587.0677823,
    "count": 1,
    "self": 0.009373599998980353,
    "children": {
        "run_training.setup": {
            "total": 0.1062643999998727,
            "count": 1,
            "self": 0.1062643999998727
        },
        "TrainerController.start_learning": {
            "total": 7586.952144300001,
            "count": 1,
            "self": 10.752654000254552,
            "children": {
                "TrainerController._reset_env": {
                    "total": 7.933138899999449,
                    "count": 399,
                    "self": 7.933138899999449
                },
                "TrainerController.advance": {
                    "total": 7568.199111199748,
                    "count": 677773,
                    "self": 10.779288598753737,
                    "children": {
                        "env_step": {
                            "total": 6847.665561900471,
                            "count": 677773,
                            "self": 4834.994503800535,
                            "children": {
                                "SubprocessEnvManager._take_step": {
                                    "total": 2005.3142851001676,
                                    "count": 677773,
                                    "self": 32.851459500406236,
                                    "children": {
                                        "TorchPolicy.evaluate": {
                                            "total": 1972.4628255997613,
                                            "count": 677772,
                                            "self": 1972.4628255997613
                                        }
                                    }
                                },
                                "workers": {
                                    "total": 7.356772999768509,
                                    "count": 677773,
                                    "self": 0.0,
                                    "children": {
                                        "worker_root": {
                                            "total": 7567.301038000188,
                                            "count": 677773,
                                            "is_parallel": true,
                                            "self": 3322.1138407997314,