{
    "name": "root",
    "gauges": {
        "RacingBehaviour.Policy.Entropy.mean": {
            "value": 1.4082227945327759,
            "min": 1.4082227945327759,
            "max": 1.4185289144515991,
            "count": 7
        },
        "RacingBehaviour.Policy.Entropy.sum": {
            "value": 70450.5703125,
            "min": 17430.8828125,
            "max": 71244.359375,
            "count": 7
        },
        "RacingBehaviour.Step.mean": {
            "value": 349929.0,
            "min": 49964.0,
            "max": 349929.0,
            "count": 7
        },
        "RacingBehaviour.Step.sum": {
            "value": 349929.0,
            "min": 49964.0,
            "max": 349929.0,
            "count": 7
        },
        "RacingBehaviour.Policy.ExtrinsicValueEstimate.mean": {
            "value": -0.9711418747901917,
            "min": -1.4015883207321167,
            "max": -0.29582473635673523,
            "count": 7
        },
        "RacingBehaviour.Policy.ExtrinsicValueEstimate.sum": {
            "value": -388.4567565917969,
            "min": -562.0369262695312,
            "max": -27.511701583862305,
            "count": 7
        },
        "RacingBehaviour.Environment.EpisodeLength.mean": {
            "value": 2925.3888888888887,
            "min": 868.8,
            "max": 3397.1666666666665,
            "count": 7
        },
        "RacingBehaviour.Environment.EpisodeLength.sum": {
            "value": 52657.0,
            "min": 4344.0,
            "max": 61149.0,
            "count": 7
        },
        "RacingBehaviour.Environment.CumulativeReward.mean": {
            "value": -5.286711506235103,
            "min": -60.635438629477804,
            "max": -5.286711506235103,
            "count": 7
        },
        "RacingBehaviour.Environment.CumulativeReward.sum": {
            "value": -95.16080711223185,
            "min": -1136.1224644165486,
            "max": -74.66418172419071,
            "count": 7
        },
        "RacingBehaviour.Policy.ExtrinsicReward.mean": {
            "value": -5.286711506235103,
            "min": -60.635438629477804,
            "max": -5.286711506235103,
            "count": 7
        },
        "RacingBehaviour.Policy.ExtrinsicReward.sum": {
            "value": -95.16080711223185,
            "min": -1136.1224644165486,
            "max": -74.66418172419071,
            "count": 7
        },
        "RacingBehaviour.IsTraining.mean": {
            "value": 1.0,
            "min": 1.0,
            "max": 1.0,
            "count": 7
        },
        "RacingBehaviour.IsTraining.sum": {
            "value": 1.0,
            "min": 1.0,
            "max": 1.0,
            "count": 7
        },
        "RacingBehaviour.Losses.PolicyLoss.mean": {
            "value": 0.017142378267211218,
            "min": 0.015510674810502677,
            "max": 0.01763936897429327,
            "count": 6
        },
        "RacingBehaviour.Losses.PolicyLoss.sum": {
            "value": 0.051427134801633655,
            "min": 0.031021349621005355,
            "max": 0.052918106922879814,
            "count": 6
        },
        "RacingBehaviour.Losses.ValueLoss.mean": {
            "value": 0.14352582287457252,
            "min": 0.04913490538795789,
            "max": 0.14352582287457252,
            "count": 6
        },
        "RacingBehaviour.Losses.ValueLoss.sum": {
            "value": 0.4305774686237176,
            "min": 0.1249082596351703,
            "max": 0.4305774686237176,
            "count": 6
        },
        "RacingBehaviour.Policy.LearningRate.mean": {
            "value": 0.0002483705656517741,
            "min": 0.0002483705656517741,
            "max": 0.000249603093492096,
            "count": 6
        },
        "RacingBehaviour.Policy.LearningRate.sum": {
            "value": 0.0007451116969553222,
            "min": 0.000497254431098228,
            "max": 0.000748809280476288,
            "count": 6
        },
        "RacingBehaviour.Policy.Epsilon.mean": {
            "value": 0.19934822600000002,
            "min": 0.19934822600000002,
            "max": 0.19984123733333337,
            "count": 6
        },
        "RacingBehaviour.Policy.Epsilon.sum": {
            "value": 0.598044678,
            "min": 0.3989017720000001,
            "max": 0.5995237120000001,
            "count": 6
        },
        "RacingBehaviour.Policy.Beta.mean": {
            "value": 0.004967476477399999,
            "min": 0.004967476477399999,
            "max": 0.004992077742933333,
            "count": 6
        },
        "RacingBehaviour.Policy.Beta.sum": {
            "value": 0.014902429432199996,
            "min": 0.009945198422800002,
            "max": 0.014976233228799998,
            "count": 6
        }
    },
    "metadata": {
        "timer_format_version": "0.1.0",
        "start_time_seconds": "1762663179",
        "python_version": "3.10.12 | packaged by Anaconda, Inc. | (main, Jul  5 2023, 19:01:18) [MSC v.1916 64 bit (AMD64)]",
        "command_line_arguments": "C:\\Users\\65871\\Downloads\\FYP SHit\\anaconda\\envs\\mlagents\\Scripts\\mlagents-learn Config\\RaceCar_config.yaml --run-id=race2 --resume",
        "mlagents_version": "1.1.0",
        "mlagents_envs_version": "1.1.0",
        "communication_protocol_version": "1.5.0",
        "pytorch_version": "2.2.2+cu121",
        "numpy_version": "1.23.5",
        "end_time_seconds": "1762672626"
    },
    "total": 9459.114148099965,
    "count": 1,
    "self": 0.006256299966480583,
    "children": {
        "run_training.setup": {
            "total": 0.20974219997879118,
            "count": 1,
            "self": 0.20974219997879118
        },
        "TrainerController.start_learning": {
            "total": 9458.89814960002,
            "count": 1,
            "self": 1.9478414067998528,
            "children": {
                "TrainerController._reset_env": {
                    "total": 9.80867430003127,
                    "count": 1,
                    "self": 9.80867430003127
                },
                "TrainerController.advance": {
                    "total": 9446.888669693144,
                    "count": 27694,
                    "self": 1.9696102880989201,
                    "children": {
                        "env_step": {
                            "total": 9071.771947402216,
                            "count": 27694,
                            "self": 3959.382712413324,
                            "children": {
                                "SubprocessEnvManager._take_step": {
                                    "total": 5111.200241802144,
                                    "count": 27694,
                                    "self": 7.788780405418947,
                                    "children": {
                                        "TorchPolicy.evaluate": {
                                            "total": 5103.411461396725,
                                            "count": 27628,
                                            "self": 5103.411461396725
                                        }
                                    }
                                },
                                "workers": {
                                    "total": 1.188993186748121,
                                    "count": 27693,
                                    "self": 0.0,
                                    "children": {
                                        "worker_root": {
                                            "total": 9419.442066202057,
                                            "count": 27693,
                                            "is_parallel": true,
                                            "self": 5623.680071600014,
                                            "children": {
                                                "steps_from_proto": {
                                                    "total": 0.0006788999889977276,