{
    "name": "root",
    "gauges": {
        "RacingBehaviour.Policy.Entropy.mean": {
            "value": 1.2814265489578247,
            "min": 1.2814265489578247,
            "max": 1.4232755899429321,
            "count": 117
        },
        "RacingBehaviour.Policy.Entropy.sum": {
            "value": 63834.265625,
            "min": 63626.76171875,
            "max": 73651.328125,
            "count": 117
        },
        "RacingBehaviour.Step.mean": {
            "value": 5849994.0,
            "min": 49962.0,
            "max": 5849994.0,
            "count": 117
        },
        "RacingBehaviour.Step.sum": {
            "value": 5849994.0,
            "min": 49962.0,
            "max": 5849994.0,
            "count": 117
        },
        "RacingBehaviour.Policy.ExtrinsicValueEstimate.mean": {
            "value": -0.6217880249023438,
            "min": -0.8698996305465698,
            "max": -0.02473999746143818,
            "count": 117
        },
        "RacingBehaviour.Policy.ExtrinsicValueEstimate.sum": {
            "value": -256.7984619140625,
            "min": -349.69964599609375,
            "max": -9.92073917388916,
            "count": 117
        },
        "RacingBehaviour.Environment.EpisodeLength.mean": {
            "value": 1333.0263157894738,
            "min": 1263.4545454545455,
            "max": 3180.3333333333335,
            "count": 117
        },
        "RacingBehaviour.Environment.EpisodeLength.sum": {
            "value": 50655.0,
            "min": 27796.0,
            "max": 66347.0,
            "count": 117
        },
        "RacingBehaviour.Environment.CumulativeReward.mean": {
            "value": -5.087148302479794,
            "min": -15.548912435770035,
            "max": -5.066334509696716,
            "count": 117
        },
        "RacingBehaviour.Environment.CumulativeReward.sum": {
            "value": -193.31163549423218,
            "min": -312.4180802255869,
            "max": -156.6427915096283,
            "count": 117
        },
        "RacingBehaviour.Policy.ExtrinsicReward.mean": {
            "value": -5.087148302479794,
            "min": -15.548912435770035,
            "max": -5.066334509696716,
            "count": 117
        },
        "RacingBehaviour.Policy.ExtrinsicReward.sum": {
            "value": -193.31163549423218,
            "min": -312.4180802255869,
            "max": -156.6427915096283,
            "count": 117
        },
        "RacingBehaviour.Losses.PolicyLoss.mean": {
            "value": 0.017913514915077637,
            "min": 0.011894410382956265,
            "max": 0.020159757587437828,
            "count": 117
        },
        "RacingBehaviour.Losses.PolicyLoss.sum": {
            "value": 0.035827029830155274,
            "min": 0.02378882076591253,
            "max": 0.060479272762313484,
            "count": 117
        },
        "RacingBehaviour.Losses.ValueLoss.mean": {
            "value": 0.002767132828012109,
            "min": 0.0013967313667914518,
            "max": 0.007123462382393579,
            "count": 117
        },
        "RacingBehaviour.Losses.ValueLoss.sum": {
            "value": 0.005534265656024218,
            "min": 0.0027934627335829037,
            "max": 0.01990709862827013,
            "count": 117
        },
        "RacingBehaviour.Policy.LearningRate.mean": {
            "value": 0.000220858281656692,
            "min": 0.000220858281656692,
            "max": 0.00024984505506197793,
            "count": 117
        },
        "RacingBehaviour.Policy.LearningRate.sum": {
            "value": 0.000441716563313384,
            "min": 0.000441716563313384,
            "max": 0.0007481470907411639,
            "count": 117
        },
        "RacingBehaviour.Policy.Epsilon.mean": {
            "value": 0.188343308,
            "min": 0.188343308,
            "max": 0.199938022,
            "count": 117
        },
        "RacingBehaviour.Policy.Epsilon.sum": {
            "value": 0.376686616,
            "min": 0.376686616,
            "max": 0.599258836,
            "count": 117
        },
        "RacingBehaviour.Policy.Beta.mean": {
            "value": 0.004418331069200001,
            "min": 0.004418331069200001,
            "max": 0.0049969072978,
            "count": 117
        },
        "RacingBehaviour.Policy.Beta.sum": {
            "value": 0.008836662138400002,
            "min": 0.008836662138400002,
            "max": 0.0149630159164,
            "count": 117
        },
        "RacingBehaviour.IsTraining.mean": {
            "value": 1.0,
            "min": 1.0,
            "max": 1.0,
            "count": 117
        },
        "RacingBehaviour.IsTraining.sum": {
            "value": 1.0,
            "min": 1.0,
            "max": 1.0,
            "count": 117
        }
    },
    "metadata": {
        "timer_format_version": "0.1.0",
        "start_time_seconds": "1762002203",
        "python_version": "3.10.12 | packaged by Anaconda, Inc. | (main, Jul  5 2023, 19:01:18) [MSC v.1916 64 bit (AMD64)]",
        "command_line_arguments": "S:\\FypStuff\\miniconda3\\envs\\mlagents\\Scripts\\mlagents-learn config/RaceCar_config.yaml --run-id=race2 --force",
        "mlagents_version": "1.2.0.dev0",
        "mlagents_envs_version": "1.2.0.dev0",
        "communication_protocol_version": "1.5.0",
        "pytorch_version": "2.2.2+cu121",
        "numpy_version": "1.23.5",
        "end_time_seconds": "1762012392"
    },
    "total": 10199.7719527,
    "count": 1,
    "self": 0.005934400003752671,
    "children": {
        "run_training.setup": {
            "total": 0.09096130000034464,
            "count": 1,
            "self": 0.09096130000034464
        },
        "TrainerController.start_learning": {
            "total": 10199.675056999997,
            "count": 1,
            "self": 4.786342199720821,
            "children": {
                "TrainerController._reset_env": {
                    "total": 22.557130699999107,
                    "count": 1,
                    "self": 22.557130699999107
                },
                "TrainerController.advance": {
                    "total": 10172.194872900269,
                    "count": 219959,
                    "self": 4.704066800550208,
                    "children": {
                        "env_step": {
                            "total": 8335.640271699322,
                            "count": 219959,
                            "self": 7575.299286398193,
                            "children": {
                                "SubprocessEnvManager._take_step": {
                                    "total": 757.3265211003309,
                                    "count": 219959,
                                    "self": 15.6808301988749,
                                    "children": {
                                        "TorchPolicy.evaluate": {
                                            "total": 741.645690901456,
                                            "count": 217052,
                                            "self": 741.645690901456
                                        }
                                    }
                                },
                                "workers": {
                                    "total": 3.014464200798102,
                                    "count": 219958,
                                    "self": 0.0,
                                    "children": {
                                        "worker_root": {
                                            "total": 10152.565446101387,
                                            "count": 219958,
                                            "is_parallel": true,
                                            "self": 2980.7590372012382,