{
    "name": "root",
    "gauges": {
        "BadmintionAgent.Policy.Entropy.mean": {
            "value": 5.075148582458496,
            "min": 5.075148582458496,
            "max": 5.075148582458496,
            "count": 1
        },
        "BadmintionAgent.Policy.Entropy.sum": {
            "value": 263491.5625,
            "min": 263491.5625,
            "max": 263491.5625,
            "count": 1
        },
        "BadmintionAgent.Step.mean": {
            "value": 49889.0,
            "min": 49889.0,
            "max": 49889.0,
            "count": 1
        },
        "BadmintionAgent.Step.sum": {
            "value": 49889.0,
            "min": 49889.0,
            "max": 49889.0,
            "count": 1
        },
        "BadmintionAgent.Policy.ExtrinsicValueEstimate.mean": {
            "value": -2.715108633041382,
            "min": -2.715108633041382,
            "max": -2.715108633041382,
            "count": 1
        },
        "BadmintionAgent.Policy.ExtrinsicValueEstimate.sum": {
            "value": -1210.9384765625,
            "min": -1210.9384765625,
            "max": -1210.9384765625,
            "count": 1
        },
        "BadmintionAgent.Environment.EpisodeLength.mean": {
            "value": 369.00892857142856,
            "min": 369.00892857142856,
            "max": 369.00892857142856,
            "count": 1
        },
        "BadmintionAgent.Environment.EpisodeLength.sum": {
            "value": 41329.0,
            "min": 41329.0,
            "max": 41329.0,
            "count": 1
        },
        "BadmintionAgent.Environment.CumulativeReward.mean": {
            "value": -99.34399205020496,
            "min": -99.34399205020496,
            "max": -99.34399205020496,
            "count": 1
        },
        "BadmintionAgent.Environment.CumulativeReward.sum": {
            "value": -11126.527109622955,
            "min": -11126.527109622955,
            "max": -11126.527109622955,
            "count": 1
        },
        "BadmintionAgent.Policy.ExtrinsicReward.mean": {
            "value": -99.34399205020496,
            "min": -99.34399205020496,
            "max": -99.34399205020496,
            "count": 1
        },
        "BadmintionAgent.Policy.ExtrinsicReward.sum": {
            "value": -11126.527109622955,
            "min": -11126.527109622955,
            "max": -11126.527109622955,
            "count": 1
        },
        "BadmintionAgent.Losses.PolicyLoss.mean": {
            "value": 0.016460057777294423,
            "min": 0.016460057777294423,
            "max": 0.016460057777294423,
            "count": 1
        },
        "BadmintionAgent.Losses.PolicyLoss.sum": {
            "value": 0.03292011555458885,
            "min": 0.03292011555458885,
            "max": 0.03292011555458885,
            "count": 1
        },
        "BadmintionAgent.Losses.ValueLoss.mean": {
            "value": 10.75521940390269,
            "min": 10.75521940390269,
            "max": 10.75521940390269,
            "count": 1
        },
        "BadmintionAgent.Losses.ValueLoss.sum": {
            "value": 21.51043880780538,
            "min": 21.51043880780538,
            "max": 21.51043880780538,
            "count": 1
        },
        "BadmintionAgent.Policy.LearningRate.mean": {
            "value": 0.00024984565006174,
            "min": 0.00024984565006174,
            "max": 0.00024984565006174,
            "count": 1
        },
        "BadmintionAgent.Policy.LearningRate.sum": {
            "value": 0.00049969130012348,
            "min": 0.00049969130012348,
            "max": 0.00049969130012348,
            "count": 1
        },
        "BadmintionAgent.Policy.Epsilon.mean": {
            "value": 0.19993826000000003,
            "min": 0.19993826000000003,
            "max": 0.19993826000000003,
            "count": 1
        },
        "BadmintionAgent.Policy.Epsilon.sum": {
            "value": 0.39987652000000007,
            "min": 0.39987652000000007,
            "max": 0.39987652000000007,
            "count": 1
        },
        "BadmintionAgent.Policy.Beta.mean": {
            "value": 0.004996919173999999,
            "min": 0.004996919173999999,
            "max": 0.004996919173999999,
            "count": 1
        },
        "BadmintionAgent.Policy.Beta.sum": {
            "value": 0.009993838347999998,
            "min": 0.009993838347999998,
            "max": 0.009993838347999998,
            "count": 1
        },
        "BadmintionAgent.IsTraining.mean": {
            "value": 1.0,
            "min": 1.0,
            "max": 1.0,
            "count": 1
        },
        "BadmintionAgent.IsTraining.sum": {
            "value": 1.0,
            "min": 1.0,
            "max": 1.0,
            "count": 1
        }
    },
    "metadata": {
        "timer_format_version": "0.1.0",
        "start_time_seconds": "1760379262",
        "python_version": "3.10.12 | packaged by Anaconda, Inc. | (main, Jul  5 2023, 19:01:18) [MSC v.1916 64 bit (AMD64)]",
        "command_line_arguments": "S:\\FypStuff\\miniconda3\\envs\\mlagents\\Scripts\\mlagents-learn config/BadmintionTrainer_Config.yaml --run-id=BdmVer2Test3",
        "mlagents_version": "1.2.0.dev0",
        "mlagents_envs_version": "1.2.0.dev0",
        "communication_protocol_version": "1.5.0",
        "pytorch_version": "2.2.2+cu121",
        "numpy_version": "1.23.5",
        "end_time_seconds": "1760379511"
    },
    "total": 248.17749430000003,
    "count": 1,
    "self": 0.005990300000576099,
    "children": {
        "run_training.setup": {
            "total": 0.1131401999996342,
            "count": 1,
            "self": 0.1131401999996342
        },
        "TrainerController.start_learning": {
            "total": 248.05836379999982,
            "count": 1,
            "self": 0.03896029998986705,
            "children": {
                "TrainerController._reset_env": {
                    "total": 32.15951700000005,
                    "count": 1,
                    "self": 32.15951700000005
                },
                "TrainerController.advance": {
                    "total": 215.41335950000985,
                    "count": 1819,
                    "self": 0.036250900018785615,
                    "children": {
                        "env_step": {
                            "total": 201.29860900000676,
                            "count": 1819,
                            "self": 190.62901240000065,
                            "children": {
                                "SubprocessEnvManager._take_step": {
                                    "total": 10.644610400009242,
                                    "count": 1819,
                                    "self": 0.12480710000954787,
                                    "children": {
                                        "TorchPolicy.evaluate": {
                                            "total": 10.519803299999694,
                                            "count": 1699,
                                            "self": 10.519803299999694
                                        }
                                    }
                                },
                                "workers": {
                                    "total": 0.024986199996874348,
                                    "count": 1818,
                                    "self": 0.0,
                                    "children": {
                                        "worker_root": {
                                            "total": 153.82650010001726,
                                            "count": 1818,
                                            "is_parallel": true,
                                            "self": 29.74817860001349,
                                            "children": {
                                                "steps_from_proto": {
                                                    "total": 0.000615500000094471,